conversationId,timestamp,turnIndex,userUtterance,agentResponse,intent,intentConfidence,sentimentOverall,sentimentScore,latencyMs,ttsEnabled,bargeInDetected
conv-20260622-000001,2026-06-22T21:02:43.309Z,1,[MASKED],Processando sua solicitação sobre sinistro.,sinistro,0.89,positive,0.8122490125877226,622,False,False
conv-20260622-000001,2026-06-22T21:02:55.309Z,2,[MASKED],Cartão bloqueado por segurança.,cartao_bloqueio,0.85,neutral,0.45557426833432835,526,True,False
conv-20260622-000001,2026-06-22T21:03:03.309Z,3,[MASKED],Processando sua solicitação sobre aplicacao.,aplicacao,0.89,positive,0.8614256546548761,879,False,False
conv-20260622-000001,2026-06-22T21:03:12.309Z,4,[MASKED],Você possui R$ 82070.00 investidos.,investimentos,0.96,positive,0.7723270052333954,2761,True,False
conv-20260622-000001,2026-06-22T21:03:15.309Z,5,[MASKED],Processando sua solicitação sobre sinistro.,sinistro,0.84,negative,0.1906820604736871,1685,False,False
conv-20260622-000001,2026-06-22T21:03:23.309Z,6,[MASKED],Processando sua solicitação sobre cotacao_seguro.,cotacao_seguro,0.77,neutral,0.526995657639412,1593,True,False
conv-20260622-000001,2026-06-22T21:03:32.309Z,7,[MASKED],Cartão bloqueado por segurança.,cartao_bloqueio,0.8,positive,0.7064200487808076,2781,False,False
conv-20260622-000001,2026-06-22T21:03:36.309Z,8,[MASKED],Processando sua solicitação sobre cotacao_seguro.,cotacao_seguro,0.91,neutral,0.47912638021213283,2823,False,False
conv-20260607-000002,2026-06-08T03:23:39.309Z,1,[MASKED],Processando sua solicitação sobre emprestimo_simulacao.,emprestimo_simulacao,0.78,neutral,0.486953050133821,2699,False,False
conv-20260607-000002,2026-06-08T03:23:50.309Z,2,[MASKED],Processando sua solicitação sobre seguros.,seguros,0.95,negative,0.20153257639552685,2579,True,False
conv-20260607-000002,2026-06-08T03:24:05.309Z,3,[MASKED],Processando sua solicitação sobre seguros.,seguros,0.89,negative,0.19772114160578957,2709,True,False
conv-20260628-000003,2026-06-29T04:24:40.309Z,1,[MASKED],Processando sua solicitação sobre resgate.,resgate,0.93,negative,0.1402302126779392,2233,False,False
conv-20260628-000003,2026-06-29T04:24:53.309Z,2,[MASKED],Processando sua solicitação sobre limite.,limite,0.81,neutral,0.412805179265269,2294,True,False
conv-20260628-000003,2026-06-29T04:24:59.309Z,3,[MASKED],Processando sua solicitação sobre saque_exterior.,saque_exterior,0.76,positive,0.7134800656220616,1402,True,False
conv-20260628-000003,2026-06-29T04:25:03.309Z,4,[MASKED],Processando sua solicitação sobre pagamento_boleto.,pagamento_boleto,0.88,positive,0.8446705131761942,1474,False,False
conv-20260628-000003,2026-06-29T04:25:13.309Z,5,[MASKED],Processando sua solicitação sobre emprestimo_contratacao.,emprestimo_contratacao,0.84,positive,0.7822204552099477,1279,True,False
conv-20260628-000003,2026-06-29T04:25:26.309Z,6,[MASKED],Processando sua solicitação sobre aplicacao.,aplicacao,0.81,neutral,0.4380417816881623,748,False,False
conv-20260628-000003,2026-06-29T04:25:31.309Z,7,[MASKED],Cartão bloqueado por segurança.,cartao_bloqueio,0.94,positive,0.8711933784936746,2394,True,True
conv-20260628-000003,2026-06-29T04:25:35.309Z,8,[MASKED],Processando sua solicitação sobre sinistro.,sinistro,0.96,neutral,0.5804885731021098,1181,True,False
conv-20260628-000003,2026-06-29T04:25:44.309Z,9,[MASKED],Cartão bloqueado por segurança.,cartao_bloqueio,0.99,positive,0.8111536646811237,2363,False,False
conv-20260628-000003,2026-06-29T04:25:51.309Z,10,[MASKED],Processando sua solicitação sobre cotacao_seguro.,cotacao_seguro,0.93,neutral,0.4114330545814966,739,False,False
conv-20260614-000004,2026-06-15T02:56:40.309Z,1,[MASKED],Processando sua solicitação sobre saque_exterior.,saque_exterior,0.81,positive,0.779157169358251,1568,False,False
conv-20260614-000004,2026-06-15T02:56:55.309Z,2,[MASKED],Você possui R$ 14104.00 investidos.,investimentos,0.77,neutral,0.4426308624534081,538,False,False
conv-20260614-000004,2026-06-15T02:57:03.309Z,3,[MASKED],Você possui R$ 58433.00 investidos.,investimentos,0.95,positive,0.8407079850174742,1500,True,False
conv-20260614-000004,2026-06-15T02:57:14.309Z,4,[MASKED],Processando sua solicitação sobre cartao_desbloqueio.,cartao_desbloqueio,0.78,negative,0.12140719554188353,924,True,False
conv-20260614-000004,2026-06-15T02:57:26.309Z,5,[MASKED],Processando sua solicitação sobre cotacao_seguro.,cotacao_seguro,0.87,positive,0.7502242504139789,1904,True,False
conv-20260614-000004,2026-06-15T02:57:33.309Z,6,[MASKED],Consultando seu extrato dos últimos 30 dias.,extrato,0.99,positive,0.7323163952547773,514,False,False
conv-20260614-000004,2026-06-15T02:57:42.309Z,7,[MASKED],Processando sua solicitação sobre previdencia.,previdencia,0.88,positive,0.8669190039772035,539,True,False
conv-20260614-000004,2026-06-15T02:57:45.309Z,8,[MASKED],Processando sua solicitação sobre cartao_desbloqueio.,cartao_desbloqueio,0.8,neutral,0.4499059478445849,1993,True,False
conv-20260614-000004,2026-06-15T02:57:56.309Z,9,[MASKED],Processando sua solicitação sobre emprestimo_contratacao.,emprestimo_contratacao,0.98,negative,0.26215434398807935,1133,False,False
conv-20260614-000004,2026-06-15T02:58:11.309Z,10,[MASKED],Processando sua solicitação sobre emprestimo_contratacao.,emprestimo_contratacao,0.84,positive,0.7077449215331573,1516,False,False
conv-20260614-000005,2026-06-14T23:35:29.309Z,1,[MASKED],Cartão bloqueado por segurança.,cartao_bloqueio,0.78,positive,0.786912751712929,1569,False,False
conv-20260614-000005,2026-06-14T23:35:40.309Z,2,[MASKED],Processando sua solicitação sobre aplicacao.,aplicacao,0.76,neutral,0.4872115030909945,2077,True,False
conv-20260615-000006,2026-06-16T03:13:25.309Z,1,[MASKED],Processando sua solicitação sobre cambio.,cambio,0.91,neutral,0.49299763804940283,1360,False,False
conv-20260615-000006,2026-06-16T03:13:36.309Z,2,[MASKED],Transferência PIX realizada com sucesso.,transferencia_pix,0.91,neutral,0.5238521610724751,1195,True,False
conv-20260615-000006,2026-06-16T03:13:51.309Z,3,[MASKED],Processando sua solicitação sobre sinistro.,sinistro,0.76,positive,0.7489685088156701,1771,False,False
conv-20260615-000006,2026-06-16T03:14:06.309Z,4,[MASKED],Você possui R$ 76454.00 investidos.,investimentos,0.8,neutral,0.5392708500981009,2365,False,False
conv-20260615-000006,2026-06-16T03:14:11.309Z,5,[MASKED],Seu saldo atual é R$ 14441.00.,saldo,0.94,neutral,0.5391823552816477,936,False,True
conv-20260615-000006,2026-06-16T03:14:15.309Z,6,[MASKED],Processando sua solicitação sobre transferencia_ted.,transferencia_ted,0.99,neutral,0.5190904636938839,1046,False,False
conv-20260617-000007,2026-06-17T21:11:19.309Z,1,[MASKED],Processando sua solicitação sobre cartao_desbloqueio.,cartao_desbloqueio,0.8,positive,0.7829735791796437,1447,False,False
conv-20260617-000007,2026-06-17T21:11:28.309Z,2,[MASKED],Consultando seu extrato dos últimos 30 dias.,extrato,0.98,neutral,0.4039063913475454,1347,False,False
conv-20260617-000007,2026-06-17T21:11:36.309Z,3,[MASKED],Processando sua solicitação sobre cartao_desbloqueio.,cartao_desbloqueio,0.93,neutral,0.5092264619467678,2097,True,False
conv-20260617-000007,2026-06-17T21:11:43.309Z,4,[MASKED],Processando sua solicitação sobre emprestimo_contratacao.,emprestimo_contratacao,0.91,positive,0.7808633338275275,2489,True,False
conv-20260606-000008,2026-06-06T23:07:29.309Z,1,[MASKED],Processando sua solicitação sobre emprestimo_simulacao.,emprestimo_simulacao,0.75,positive,0.8078838095845068,2226,False,False
conv-20260606-000008,2026-06-06T23:07:33.309Z,2,[MASKED],Consultando seu extrato dos últimos 30 dias.,extrato,0.9,negative,0.14770898837778118,627,False,False
conv-20260606-000008,2026-06-06T23:07:45.309Z,3,[MASKED],Processando sua solicitação sobre cotacao_seguro.,cotacao_seguro,0.9,neutral,0.5927469488202417,2404,True,False
conv-20260606-000008,2026-06-06T23:07:50.309Z,4,[MASKED],Processando sua solicitação sobre cartao_desbloqueio.,cartao_desbloqueio,0.91,neutral,0.5916345676411792,942,False,False
conv-20260606-000008,2026-06-06T23:07:56.309Z,5,[MASKED],Você possui R$ 32830.00 investidos.,investimentos,0.77,neutral,0.5544961769902448,2925,True,False
conv-20260606-000008,2026-06-06T23:08:08.309Z,6,[MASKED],Consultando seu extrato dos últimos 30 dias.,extrato,0.77,neutral,0.529508650811361,1922,True,False
conv-20260606-000008,2026-06-06T23:08:18.309Z,7,[MASKED],Processando sua solicitação sobre aplicacao.,aplicacao,0.92,negative,0.18709742900153542,2275,False,False
conv-20260606-000008,2026-06-06T23:08:29.309Z,8,[MASKED],Transferência PIX realizada com sucesso.,transferencia_pix,0.81,neutral,0.5703426320038664,2404,True,False
conv-20260607-000009,2026-06-07T22:50:37.309Z,1,[MASKED],Processando sua solicitação sobre fatura.,fatura,0.88,positive,0.7480647872248432,850,False,False
conv-20260607-000009,2026-06-07T22:50:47.309Z,2,[MASKED],Processando sua solicitação sobre transferencia_ted.,transferencia_ted,0.92,positive,0.7612412060260177,570,False,False
conv-20260607-000009,2026-06-07T22:50:58.309Z,3,[MASKED],Processando sua solicitação sobre limite.,limite,0.83,negative,0.1907490525706357,2242,False,False
conv-20260607-000009,2026-06-07T22:51:02.309Z,4,[MASKED],Processando sua solicitação sobre cotacao_seguro.,cotacao_seguro,0.79,positive,0.7432769279757212,1792,False,False
conv-20260607-000009,2026-06-07T22:51:14.309Z,5,[MASKED],Processando sua solicitação sobre pagamento_boleto.,pagamento_boleto,0.82,positive,0.7721762138298773,2944,False,True
conv-20260607-000009,2026-06-07T22:51:21.309Z,6,[MASKED],Consultando seu extrato dos últimos 30 dias.,extrato,0.9,neutral,0.5505584351582508,723,True,False
conv-20260607-000009,2026-06-07T22:51:33.309Z,7,[MASKED],Processando sua solicitação sobre cartao_desbloqueio.,cartao_desbloqueio,0.98,neutral,0.45049567809859453,2422,False,False
conv-20260607-000009,2026-06-07T22:51:37.309Z,8,[MASKED],Processando sua solicitação sobre emprestimo_simulacao.,emprestimo_simulacao,0.76,positive,0.729839516894731,2514,False,True
conv-20260607-000009,2026-06-07T22:51:41.309Z,9,[MASKED],Processando sua solicitação sobre previdencia.,previdencia,0.94,neutral,0.47607560522930986,2204,False,False
conv-20260607-000009,2026-06-07T22:51:53.309Z,10,[MASKED],Processando sua solicitação sobre emprestimo_contratacao.,emprestimo_contratacao,0.98,neutral,0.4198467149549576,1750,True,False
conv-20260604-000010,2026-06-04T19:28:11.309Z,1,[MASKED],Processando sua solicitação sobre emprestimo_contratacao.,emprestimo_contratacao,0.93,positive,0.8138414098638185,744,False,False
conv-20260604-000010,2026-06-04T19:28:21.309Z,2,[MASKED],Processando sua solicitação sobre cartao_desbloqueio.,cartao_desbloqueio,0.87,negative,0.1160883703798602,2148,True,False
conv-20260604-000010,2026-06-04T19:28:35.309Z,3,[MASKED],Processando sua solicitação sobre fatura.,fatura,0.98,positive,0.8671917227812364,2972,True,False
conv-20260604-000010,2026-06-04T19:28:48.309Z,4,[MASKED],Cartão bloqueado por segurança.,cartao_bloqueio,0.86,positive,0.8303018978867374,2860,False,False
conv-20260617-000011,2026-06-17T18:23:02.309Z,1,[MASKED],Processando sua solicitação sobre previdencia.,previdencia,0.96,neutral,0.4923952689964288,2155,True,False
conv-20260617-000011,2026-06-17T18:23:10.309Z,2,[MASKED],Processando sua solicitação sobre cambio.,cambio,0.8,neutral,0.5098439278170663,2541,False,False
conv-20260617-000011,2026-06-17T18:23:24.309Z,3,[MASKED],Transferência PIX realizada com sucesso.,transferencia_pix,0.94,positive,0.8419565650200519,997,False,False
conv-20260617-000011,2026-06-17T18:23:35.309Z,4,[MASKED],Processando sua solicitação sobre emprestimo_contratacao.,emprestimo_contratacao,0.98,positive,0.8295419377567518,881,True,False
conv-20260617-000011,2026-06-17T18:23:49.309Z,5,[MASKED],Processando sua solicitação sobre cartao_desbloqueio.,cartao_desbloqueio,0.99,neutral,0.4487461812150277,2584,True,False
conv-20260617-000011,2026-06-17T18:24:01.309Z,6,[MASKED],Processando sua solicitação sobre pagamento_boleto.,pagamento_boleto,0.83,neutral,0.5575434811528588,1059,False,False
conv-20260617-000011,2026-06-17T18:24:08.309Z,7,[MASKED],Processando sua solicitação sobre cartao_desbloqueio.,cartao_desbloqueio,0.96,neutral,0.4893094786086389,2904,False,False
conv-20260624-000012,2026-06-24T18:02:29.309Z,1,[MASKED],Transferência PIX realizada com sucesso.,transferencia_pix,0.78,negative,0.2741865942698439,2654,True,False
conv-20260624-000012,2026-06-24T18:02:37.309Z,2,[MASKED],Processando sua solicitação sobre cambio.,cambio,0.96,neutral,0.476001879504531,2128,False,False
conv-20260624-000012,2026-06-24T18:02:52.309Z,3,[MASKED],Transferência PIX realizada com sucesso.,transferencia_pix,0.9,positive,0.8841858197560594,2716,True,False
conv-20260624-000012,2026-06-24T18:03:01.309Z,4,[MASKED],Processando sua solicitação sobre aplicacao.,aplicacao,0.97,neutral,0.40919819373544253,911,True,False
conv-20260624-000012,2026-06-24T18:03:09.309Z,5,[MASKED],Processando sua solicitação sobre emprestimo_contratacao.,emprestimo_contratacao,0.91,positive,0.7360113772302622,1096,True,False
conv-20260624-000012,2026-06-24T18:03:21.309Z,6,[MASKED],Processando sua solicitação sobre sinistro.,sinistro,0.86,negative,0.15079546788270848,2538,False,False
conv-20260624-000012,2026-06-24T18:03:36.309Z,7,[MASKED],Processando sua solicitação sobre transferencia_ted.,transferencia_ted,0.86,neutral,0.46911312488861634,1678,False,False
conv-20260624-000012,2026-06-24T18:03:45.309Z,8,[MASKED],Cartão bloqueado por segurança.,cartao_bloqueio,0.95,neutral,0.4213306534844722,2371,False,False
conv-20260624-000012,2026-06-24T18:03:57.309Z,9,[MASKED],Processando sua solicitação sobre cartao_desbloqueio.,cartao_desbloqueio,0.82,positive,0.8131858033911399,1709,True,False
conv-20260621-000013,2026-06-22T04:35:07.309Z,1,[MASKED],Processando sua solicitação sobre aplicacao.,aplicacao,0.83,neutral,0.4831006186837555,1994,True,False
conv-20260621-000013,2026-06-22T04:35:18.309Z,2,[MASKED],Processando sua solicitação sobre limite.,limite,0.81,neutral,0.5649379625084815,2674,False,False
conv-20260629-000014,2026-06-30T06:19:01.309Z,1,[MASKED],Você possui R$ 49689.00 investidos.,investimentos,0.78,neutral,0.44676438044231664,1573,True,False
conv-20260629-000014,2026-06-30T06:19:12.309Z,2,[MASKED],Processando sua solicitação sobre fatura.,fatura,0.95,positive,0.8818775276855785,2998,False,False
conv-20260629-000014,2026-06-30T06:19:16.309Z,3,[MASKED],Processando sua solicitação sobre resgate.,resgate,0.78,negative,0.14696000648626584,685,True,False
conv-20260629-000014,2026-06-30T06:19:24.309Z,4,[MASKED],Processando sua solicitação sobre previdencia.,previdencia,0.96,neutral,0.5309843794986928,2216,False,False
conv-20260629-000014,2026-06-30T06:19:31.309Z,5,[MASKED],Consultando seu extrato dos últimos 30 dias.,extrato,0.96,positive,0.7198709249212261,2017,False,False
conv-20260629-000014,2026-06-30T06:19:44.309Z,6,[MASKED],Processando sua solicitação sobre limite.,limite,0.98,positive,0.8648382163863143,748,True,False
conv-20260629-000014,2026-06-30T06:19:57.309Z,7,[MASKED],Processando sua solicitação sobre cambio.,cambio,0.99,positive,0.8573956199952633,587,True,True
conv-20260629-000014,2026-06-30T06:20:09.309Z,8,[MASKED],Processando sua solicitação sobre cotacao_seguro.,cotacao_seguro,0.75,positive,0.8716812252760353,1454,True,False
conv-20260629-000014,2026-06-30T06:20:20.309Z,9,[MASKED],Cartão bloqueado por segurança.,cartao_bloqueio,0.75,positive,0.8579969328469508,1214,True,False
conv-20260603-000015,2026-06-04T01:48:32.309Z,1,[MASKED],Consultando seu extrato dos últimos 30 dias.,extrato,0.9,positive,0.7131364466640229,2316,False,False
conv-20260603-000015,2026-06-04T01:48:44.309Z,2,[MASKED],Processando sua solicitação sobre previdencia.,previdencia,0.82,positive,0.8011102148971361,1831,False,True
conv-20260603-000015,2026-06-04T01:48:57.309Z,3,[MASKED],Processando sua solicitação sobre previdencia.,previdencia,0.83,neutral,0.49069978058148944,1380,False,False
conv-20260603-000015,2026-06-04T01:49:05.309Z,4,[MASKED],Processando sua solicitação sobre emprestimo_contratacao.,emprestimo_contratacao,0.91,neutral,0.4948535771178205,1780,True,False
conv-20260603-000015,2026-06-04T01:49:09.309Z,5,[MASKED],Processando sua solicitação sobre emprestimo_contratacao.,emprestimo_contratacao,0.88,neutral,0.5172930165478954,895,False,False
conv-20260603-000015,2026-06-04T01:49:18.309Z,6,[MASKED],Processando sua solicitação sobre limite.,limite,0.98,neutral,0.5200820182449354,2232,False,False
conv-20260603-000015,2026-06-04T01:49:29.309Z,7,[MASKED],Processando sua solicitação sobre cotacao_seguro.,cotacao_seguro,0.83,neutral,0.5112530952208654,1133,True,False
conv-20260603-000015,2026-06-04T01:49:41.309Z,8,[MASKED],Processando sua solicitação sobre sinistro.,sinistro,0.91,neutral,0.5113479510340897,2257,False,False
conv-20260603-000015,2026-06-04T01:49:55.309Z,9,[MASKED],Processando sua solicitação sobre cartao_desbloqueio.,cartao_desbloqueio,0.89,positive,0.7801568687999032,1891,True,False
conv-20260621-000016,2026-06-22T06:33:09.309Z,1,[MASKED],Processando sua solicitação sobre seguros.,seguros,0.82,neutral,0.5509886287336742,2236,True,False
conv-20260621-000016,2026-06-22T06:33:13.309Z,2,[MASKED],Processando sua solicitação sobre cartao_desbloqueio.,cartao_desbloqueio,0.76,neutral,0.4790526792175258,2929,True,False
conv-20260621-000016,2026-06-22T06:33:19.309Z,3,[MASKED],Processando sua solicitação sobre resgate.,resgate,0.87,positive,0.7861310022707206,1546,True,False
conv-20260621-000016,2026-06-22T06:33:33.309Z,4,[MASKED],Processando sua solicitação sobre sinistro.,sinistro,0.77,neutral,0.5723528724045177,2549,True,False
conv-20260621-000016,2026-06-22T06:33:43.309Z,5,[MASKED],Você possui R$ 54008.00 investidos.,investimentos,0.92,neutral,0.4835387919686961,1782,True,False
conv-20260621-000016,2026-06-22T06:33:51.309Z,6,[MASKED],Processando sua solicitação sobre seguros.,seguros,0.85,neutral,0.4211726266791172,2384,False,False
conv-20260621-000016,2026-06-22T06:34:02.309Z,7,[MASKED],Você possui R$ 45500.00 investidos.,investimentos,0.8,neutral,0.5558235737206529,2121,True,False
conv-20260621-000016,2026-06-22T06:34:06.309Z,8,[MASKED],Processando sua solicitação sobre pagamento_boleto.,pagamento_boleto,0.92,positive,0.8637897203049705,2588,True,False
conv-20260621-000016,2026-06-22T06:34:11.309Z,9,[MASKED],Cartão bloqueado por segurança.,cartao_bloqueio,0.77,positive,0.8902584281159165,1308,False,False
conv-20260612-000017,2026-06-13T04:13:54.309Z,1,[MASKED],Processando sua solicitação sobre transferencia_ted.,transferencia_ted,0.76,positive,0.8663393263326243,803,True,False
conv-20260612-000017,2026-06-13T04:13:58.309Z,2,[MASKED],Processando sua solicitação sobre cambio.,cambio,0.88,neutral,0.5583635594530717,2933,True,False
conv-20260612-000017,2026-06-13T04:14:13.309Z,3,[MASKED],Processando sua solicitação sobre saque_exterior.,saque_exterior,0.79,positive,0.7123747400202202,1271,True,False
conv-20260612-000017,2026-06-13T04:14:21.309Z,4,[MASKED],Você possui R$ 33472.00 investidos.,investimentos,0.92,neutral,0.5981972045293775,2566,True,False
conv-20260612-000017,2026-06-13T04:14:28.309Z,5,[MASKED],Processando sua solicitação sobre emprestimo_simulacao.,emprestimo_simulacao,0.76,neutral,0.5261773148883959,2174,False,True
conv-20260612-000017,2026-06-13T04:14:39.309Z,6,[MASKED],Processando sua solicitação sobre emprestimo_simulacao.,emprestimo_simulacao,0.96,positive,0.7666724072121114,1663,True,False
conv-20260612-000017,2026-06-13T04:14:46.309Z,7,[MASKED],Processando sua solicitação sobre emprestimo_simulacao.,emprestimo_simulacao,0.88,neutral,0.5286986526722639,1028,False,False
conv-20260618-000018,2026-06-18T21:15:47.309Z,1,[MASKED],Processando sua solicitação sobre seguros.,seguros,0.94,positive,0.8670239653269113,1134,True,False
conv-20260618-000018,2026-06-18T21:16:02.309Z,2,[MASKED],Processando sua solicitação sobre cambio.,cambio,0.79,neutral,0.5385691281722453,1036,True,False
conv-20260618-000018,2026-06-18T21:16:05.309Z,3,[MASKED],Processando sua solicitação sobre emprestimo_contratacao.,emprestimo_contratacao,0.9,neutral,0.5504782330222973,1992,False,False
conv-20260618-000018,2026-06-18T21:16:11.309Z,4,[MASKED],Processando sua solicitação sobre cartao_desbloqueio.,cartao_desbloqueio,0.91,negative,0.2140838786727783,2421,False,False
conv-20260618-000018,2026-06-18T21:16:18.309Z,5,[MASKED],Processando sua solicitação sobre emprestimo_simulacao.,emprestimo_simulacao,0.94,neutral,0.42767970692068624,2559,False,False
conv-20260628-000019,2026-06-28T23:53:05.309Z,1,[MASKED],Processando sua solicitação sobre transferencia_ted.,transferencia_ted,0.8,positive,0.7637369750899463,2031,True,False
conv-20260628-000019,2026-06-28T23:53:18.309Z,2,[MASKED],Processando sua solicitação sobre fatura.,fatura,0.92,positive,0.7277585383636372,1098,False,False
conv-20260628-000019,2026-06-28T23:53:21.309Z,3,[MASKED],Você possui R$ 72932.00 investidos.,investimentos,0.98,positive,0.8217760198232107,577,False,False
conv-20260628-000019,2026-06-28T23:53:28.309Z,4,[MASKED],Processando sua solicitação sobre sinistro.,sinistro,0.9,positive,0.8245621136681939,1733,True,False
conv-20260628-000019,2026-06-28T23:53:38.309Z,5,[MASKED],Processando sua solicitação sobre cambio.,cambio,0.81,positive,0.7287153680492521,2695,False,False
conv-20260628-000019,2026-06-28T23:53:44.309Z,6,[MASKED],Processando sua solicitação sobre saque_exterior.,saque_exterior,0.88,positive,0.7721207515413752,2206,True,False
conv-20260628-000019,2026-06-28T23:53:54.309Z,7,[MASKED],Consultando seu extrato dos últimos 30 dias.,extrato,0.75,negative,0.25770400325590304,2084,False,False
conv-20260628-000019,2026-06-28T23:54:07.309Z,8,[MASKED],Processando sua solicitação sobre aplicacao.,aplicacao,0.76,neutral,0.5092027490415383,2883,True,False
conv-20260616-000020,2026-06-16T18:15:02.309Z,1,[MASKED],Processando sua solicitação sobre cotacao_seguro.,cotacao_seguro,0.82,positive,0.8724277060938501,1537,True,False
conv-20260616-000020,2026-06-16T18:15:10.309Z,2,[MASKED],Cartão bloqueado por segurança.,cartao_bloqueio,0.93,neutral,0.5789274989910107,1009,False,False
conv-20260616-000020,2026-06-16T18:15:15.309Z,3,[MASKED],Transferência PIX realizada com sucesso.,transferencia_pix,0.94,positive,0.8454162648685272,2537,True,False
conv-20260616-000020,2026-06-16T18:15:20.309Z,4,[MASKED],Processando sua solicitação sobre previdencia.,previdencia,0.91,positive,0.7612991712181505,1703,False,False
conv-20260616-000020,2026-06-16T18:15:30.309Z,5,[MASKED],Processando sua solicitação sobre limite.,limite,0.99,positive,0.7549110720149715,2331,True,False
conv-20260616-000020,2026-06-16T18:15:38.309Z,6,[MASKED],Processando sua solicitação sobre pagamento_boleto.,pagamento_boleto,0.91,negative,0.18763456498801556,1155,True,False
conv-20260616-000020,2026-06-16T18:15:46.309Z,7,[MASKED],Processando sua solicitação sobre emprestimo_simulacao.,emprestimo_simulacao,0.86,positive,0.7741929015100202,2823,False,False
conv-20260616-000020,2026-06-16T18:15:58.309Z,8,[MASKED],Processando sua solicitação sobre resgate.,resgate,0.82,positive,0.8921040104529987,2668,True,False
conv-20260616-000020,2026-06-16T18:16:08.309Z,9,[MASKED],Processando sua solicitação sobre pagamento_boleto.,pagamento_boleto,0.94,negative,0.24080756224136518,2085,True,False
conv-20260616-000020,2026-06-16T18:16:15.309Z,10,[MASKED],Transferência PIX realizada com sucesso.,transferencia_pix,0.79,positive,0.842673978872763,1319,True,False
conv-20260624-000021,2026-06-24T21:44:09.309Z,1,[MASKED],Processando sua solicitação sobre aplicacao.,aplicacao,0.78,neutral,0.576849289366924,2769,True,False
conv-20260624-000021,2026-06-24T21:44:23.309Z,2,[MASKED],Transferência PIX realizada com sucesso.,transferencia_pix,0.77,neutral,0.5944759463027531,2653,True,False
conv-20260607-000022,2026-06-08T02:51:24.309Z,1,[MASKED],Processando sua solicitação sobre limite.,limite,0.9,positive,0.7186856813767153,2756,True,False
conv-20260607-000022,2026-06-08T02:51:36.309Z,2,[MASKED],Processando sua solicitação sobre resgate.,resgate,0.83,neutral,0.5847859450632602,1201,True,False
conv-20260607-000022,2026-06-08T02:51:39.309Z,3,[MASKED],Você possui R$ 35688.00 investidos.,investimentos,0.91,negative,0.25339180018326224,686,False,False
conv-20260607-000022,2026-06-08T02:51:42.309Z,4,[MASKED],Transferência PIX realizada com sucesso.,transferencia_pix,0.81,positive,0.8614698628857596,2734,False,False
conv-20260607-000022,2026-06-08T02:51:46.309Z,5,[MASKED],Consultando seu extrato dos últimos 30 dias.,extrato,0.8,neutral,0.5213320525641273,1147,False,False
conv-20260609-000023,2026-06-10T03:20:14.309Z,1,[MASKED],Processando sua solicitação sobre emprestimo_simulacao.,emprestimo_simulacao,0.87,neutral,0.46170809641088584,1152,True,False
conv-20260609-000023,2026-06-10T03:20:25.309Z,2,[MASKED],Processando sua solicitação sobre transferencia_ted.,transferencia_ted,0.76,positive,0.7989788407050353,1486,False,False
conv-20260609-000023,2026-06-10T03:20:28.309Z,3,[MASKED],Processando sua solicitação sobre aplicacao.,aplicacao,0.84,positive,0.7806508144228718,2265,True,False
conv-20260609-000023,2026-06-10T03:20:40.309Z,4,[MASKED],Processando sua solicitação sobre previdencia.,previdencia,0.84,positive,0.7900708761280837,1297,False,False
conv-20260609-000023,2026-06-10T03:20:52.309Z,5,[MASKED],Processando sua solicitação sobre cambio.,cambio,0.84,positive,0.8973575328872879,986,False,False
conv-20260609-000023,2026-06-10T03:20:58.309Z,6,[MASKED],Processando sua solicitação sobre cambio.,cambio,0.76,neutral,0.5427183692649613,2585,False,False
conv-20260609-000023,2026-06-10T03:21:03.309Z,7,[MASKED],Processando sua solicitação sobre cambio.,cambio,0.79,positive,0.8981231475122281,2611,False,False
conv-20260629-000024,2026-06-30T03:08:50.309Z,1,[MASKED],Processando sua solicitação sobre saque_exterior.,saque_exterior,0.76,positive,0.8896410341568604,2057,True,False
conv-20260629-000024,2026-06-30T03:09:00.309Z,2,[MASKED],Processando sua solicitação sobre fatura.,fatura,0.85,positive,0.8549944603614182,2215,False,False
conv-20260629-000024,2026-06-30T03:09:14.309Z,3,[MASKED],Consultando seu extrato dos últimos 30 dias.,extrato,0.99,neutral,0.49567419666868023,1065,False,False
conv-20260629-000024,2026-06-30T03:09:19.309Z,4,[MASKED],Processando sua solicitação sobre transferencia_ted.,transferencia_ted,0.94,positive,0.8441849122654586,2683,False,False
conv-20260613-000025,2026-06-13T23:43:51.309Z,1,[MASKED],Processando sua solicitação sobre emprestimo_simulacao.,emprestimo_simulacao,0.81,positive,0.7958158526032967,823,True,False
conv-20260613-000025,2026-06-13T23:43:58.309Z,2,[MASKED],Processando sua solicitação sobre previdencia.,previdencia,0.89,positive,0.7484916076820574,1612,True,False
conv-20260626-000026,2026-06-27T04:30:16.309Z,1,[MASKED],Você possui R$ 53034.00 investidos.,investimentos,0.94,negative,0.13726232638449778,1220,False,False
conv-20260626-000026,2026-06-27T04:30:19.309Z,2,[MASKED],Processando sua solicitação sobre cartao_desbloqueio.,cartao_desbloqueio,0.86,neutral,0.5282624819029875,2826,False,False
conv-20260626-000026,2026-06-27T04:30:24.309Z,3,[MASKED],Processando sua solicitação sobre pagamento_boleto.,pagamento_boleto,0.79,positive,0.7917828942064723,2417,False,False
conv-20260626-000026,2026-06-27T04:30:27.309Z,4,[MASKED],Processando sua solicitação sobre fatura.,fatura,0.79,neutral,0.5712293008546916,1708,False,False
conv-20260625-000027,2026-06-25T18:36:09.309Z,1,[MASKED],Processando sua solicitação sobre sinistro.,sinistro,0.92,negative,0.22774226503987668,2558,False,False
conv-20260625-000027,2026-06-25T18:36:15.309Z,2,[MASKED],Processando sua solicitação sobre sinistro.,sinistro,0.99,neutral,0.47472496839738726,1047,False,False
conv-20260625-000027,2026-06-25T18:36:30.309Z,3,[MASKED],Processando sua solicitação sobre cotacao_seguro.,cotacao_seguro,0.88,neutral,0.5056346248146387,1513,False,True
conv-20260625-000027,2026-06-25T18:36:33.309Z,4,[MASKED],Processando sua solicitação sobre previdencia.,previdencia,0.79,positive,0.8708972014789903,2570,False,False
conv-20260623-000028,2026-06-23T18:41:14.309Z,1,[MASKED],Cartão bloqueado por segurança.,cartao_bloqueio,0.99,neutral,0.49441424016913005,761,False,False
conv-20260623-000028,2026-06-23T18:41:29.309Z,2,[MASKED],Processando sua solicitação sobre resgate.,resgate,0.96,positive,0.8813534623049146,2221,False,True
conv-20260623-000028,2026-06-23T18:41:42.309Z,3,[MASKED],Processando sua solicitação sobre limite.,limite,0.88,positive,0.8455716281812257,985,True,False
conv-20260623-000028,2026-06-23T18:41:57.309Z,4,[MASKED],Seu saldo atual é R$ 47226.00.,saldo,0.85,neutral,0.47585529360675877,1722,True,False
conv-20260623-000028,2026-06-23T18:42:05.309Z,5,[MASKED],Processando sua solicitação sobre resgate.,resgate,0.76,positive,0.8320395371604571,1629,True,False
conv-20260623-000028,2026-06-23T18:42:09.309Z,6,[MASKED],Processando sua solicitação sobre aplicacao.,aplicacao,0.92,positive,0.7097352642487499,2932,True,False
conv-20260623-000028,2026-06-23T18:42:15.309Z,7,[MASKED],Processando sua solicitação sobre previdencia.,previdencia,0.87,neutral,0.4578526902707838,1389,False,False
conv-20260623-000028,2026-06-23T18:42:30.309Z,8,[MASKED],Processando sua solicitação sobre fatura.,fatura,0.88,positive,0.7827120412893608,1470,False,True
conv-20260607-000029,2026-06-08T05:03:53.309Z,1,[MASKED],Processando sua solicitação sobre cartao_desbloqueio.,cartao_desbloqueio,0.81,neutral,0.4406673466120109,2206,True,False
conv-20260607-000029,2026-06-08T05:04:01.309Z,2,[MASKED],Você possui R$ 7755.00 investidos.,investimentos,0.81,neutral,0.5347343841269157,2693,True,False
conv-20260607-000029,2026-06-08T05:04:07.309Z,3,[MASKED],Processando sua solicitação sobre saque_exterior.,saque_exterior,0.82,positive,0.8817988321413602,2789,True,False
conv-20260607-000029,2026-06-08T05:04:21.309Z,4,[MASKED],Processando sua solicitação sobre aplicacao.,aplicacao,0.92,negative,0.179326411955247,2461,True,False
conv-20260607-000029,2026-06-08T05:04:36.309Z,5,[MASKED],Processando sua solicitação sobre cartao_desbloqueio.,cartao_desbloqueio,0.82,neutral,0.47192892359616834,2059,False,False
conv-20260607-000029,2026-06-08T05:04:51.309Z,6,[MASKED],Transferência PIX realizada com sucesso.,transferencia_pix,0.85,negative,0.21250494549287088,1811,True,False
conv-20260607-000029,2026-06-08T05:04:54.309Z,7,[MASKED],Cartão bloqueado por segurança.,cartao_bloqueio,0.85,negative,0.13048228203682866,2766,False,False
conv-20260607-000029,2026-06-08T05:05:06.309Z,8,[MASKED],Processando sua solicitação sobre sinistro.,sinistro,0.81,neutral,0.5643183879384712,2545,False,False
conv-20260607-000029,2026-06-08T05:05:20.309Z,9,[MASKED],Processando sua solicitação sobre limite.,limite,0.79,positive,0.8778729059430016,1193,True,False
conv-20260607-000029,2026-06-08T05:05:24.309Z,10,[MASKED],Consultando seu extrato dos últimos 30 dias.,extrato,0.77,neutral,0.4302059292929492,526,True,False
conv-20260610-000030,2026-06-10T19:52:05.309Z,1,[MASKED],Processando sua solicitação sobre seguros.,seguros,0.94,positive,0.715803848762887,2656,False,False
conv-20260610-000030,2026-06-10T19:52:11.309Z,2,[MASKED],Processando sua solicitação sobre sinistro.,sinistro,0.99,neutral,0.5299788903587845,1728,True,False
conv-20260610-000030,2026-06-10T19:52:20.309Z,3,[MASKED],Processando sua solicitação sobre previdencia.,previdencia,0.79,positive,0.7999716786225585,2449,False,False
conv-20260610-000030,2026-06-10T19:52:28.309Z,4,[MASKED],Processando sua solicitação sobre saque_exterior.,saque_exterior,0.8,neutral,0.5736233781163211,890,False,False
conv-20260610-000030,2026-06-10T19:52:32.309Z,5,[MASKED],Cartão bloqueado por segurança.,cartao_bloqueio,0.97,neutral,0.4628969386453302,2724,True,False
conv-20260614-000031,2026-06-15T02:41:21.309Z,1,[MASKED],Você possui R$ 79067.00 investidos.,investimentos,0.85,positive,0.8547109832262645,811,True,False
conv-20260614-000031,2026-06-15T02:41:36.309Z,2,[MASKED],Processando sua solicitação sobre transferencia_ted.,transferencia_ted,0.85,positive,0.8359389716176318,2509,False,False
conv-20260614-000031,2026-06-15T02:41:51.309Z,3,[MASKED],Processando sua solicitação sobre sinistro.,sinistro,0.92,positive,0.8267801763926103,801,False,False
conv-20260614-000031,2026-06-15T02:41:55.309Z,4,[MASKED],Você possui R$ 48175.00 investidos.,investimentos,0.93,negative,0.12044628282264919,521,True,False
conv-20260614-000031,2026-06-15T02:42:05.309Z,5,[MASKED],Processando sua solicitação sobre previdencia.,previdencia,0.77,neutral,0.5108439610795144,2772,False,False
conv-20260614-000031,2026-06-15T02:42:08.309Z,6,[MASKED],Processando sua solicitação sobre cartao_desbloqueio.,cartao_desbloqueio,0.97,positive,0.8810415148626718,2194,True,False
conv-20260614-000031,2026-06-15T02:42:13.309Z,7,[MASKED],Processando sua solicitação sobre emprestimo_simulacao.,emprestimo_simulacao,0.87,positive,0.712653430055391,1194,False,False
conv-20260614-000031,2026-06-15T02:42:20.309Z,8,[MASKED],Transferência PIX realizada com sucesso.,transferencia_pix,0.9,positive,0.8187612796078158,815,True,False
conv-20260629-000032,2026-06-29T23:05:30.309Z,1,[MASKED],Transferência PIX realizada com sucesso.,transferencia_pix,0.84,positive,0.8864134305176892,1492,True,False
conv-20260629-000032,2026-06-29T23:05:41.309Z,2,[MASKED],Processando sua solicitação sobre seguros.,seguros,0.98,positive,0.7419296792722567,2753,False,False
conv-20260629-000032,2026-06-29T23:05:45.309Z,3,[MASKED],Processando sua solicitação sobre emprestimo_contratacao.,emprestimo_contratacao,0.81,positive,0.7308286468911713,2545,False,False
conv-20260629-000032,2026-06-29T23:05:49.309Z,4,[MASKED],Processando sua solicitação sobre transferencia_ted.,transferencia_ted,0.87,neutral,0.5840784368956592,2949,False,False
conv-20260629-000032,2026-06-29T23:06:04.309Z,5,[MASKED],Processando sua solicitação sobre limite.,limite,0.93,neutral,0.5315203289161532,2699,False,False
conv-20260629-000032,2026-06-29T23:06:16.309Z,6,[MASKED],Consultando seu extrato dos últimos 30 dias.,extrato,0.85,negative,0.25053655554592114,2806,False,False
conv-20260629-000032,2026-06-29T23:06:20.309Z,7,[MASKED],Cartão bloqueado por segurança.,cartao_bloqueio,0.89,neutral,0.5150470796540852,1409,False,False
conv-20260629-000032,2026-06-29T23:06:30.309Z,8,[MASKED],Processando sua solicitação sobre saque_exterior.,saque_exterior,0.78,positive,0.7831950857051425,2549,True,False
conv-20260629-000032,2026-06-29T23:06:44.309Z,9,[MASKED],Processando sua solicitação sobre resgate.,resgate,0.88,positive,0.7696600593271293,1926,True,False
conv-20260609-000033,2026-06-10T00:23:20.309Z,1,[MASKED],Processando sua solicitação sobre previdencia.,previdencia,0.96,positive,0.789915002274816,2270,False,False
conv-20260609-000033,2026-06-10T00:23:34.309Z,2,[MASKED],Processando sua solicitação sobre cotacao_seguro.,cotacao_seguro,0.89,positive,0.8599004713773419,1342,True,False
conv-20260609-000033,2026-06-10T00:23:40.309Z,3,[MASKED],Processando sua solicitação sobre transferencia_ted.,transferencia_ted,0.98,positive,0.7626808220102949,966,False,False
conv-20260609-000033,2026-06-10T00:23:52.309Z,4,[MASKED],Processando sua solicitação sobre aplicacao.,aplicacao,0.79,positive,0.8347177724629468,1925,False,False
conv-20260618-000034,2026-06-19T00:21:09.309Z,1,[MASKED],Processando sua solicitação sobre saque_exterior.,saque_exterior,0.95,positive,0.823881995757835,2505,False,False
conv-20260618-000034,2026-06-19T00:21:19.309Z,2,[MASKED],Processando sua solicitação sobre resgate.,resgate,0.91,neutral,0.48182686967357496,1299,False,False
conv-20260618-000034,2026-06-19T00:21:29.309Z,3,[MASKED],Transferência PIX realizada com sucesso.,transferencia_pix,0.82,positive,0.7549705836547068,1185,False,False
conv-20260618-000034,2026-06-19T00:21:39.309Z,4,[MASKED],Processando sua solicitação sobre saque_exterior.,saque_exterior,0.78,neutral,0.5550226055727991,2528,False,False
conv-20260618-000034,2026-06-19T00:21:54.309Z,5,[MASKED],Consultando seu extrato dos últimos 30 dias.,extrato,0.93,neutral,0.5307343404760144,2307,True,False
conv-20260618-000034,2026-06-19T00:21:57.309Z,6,[MASKED],Processando sua solicitação sobre transferencia_ted.,transferencia_ted,0.96,positive,0.7234772052997822,1576,True,False
conv-20260618-000034,2026-06-19T00:22:11.309Z,7,[MASKED],Processando sua solicitação sobre saque_exterior.,saque_exterior,0.85,neutral,0.523230239956431,1936,True,False
conv-20260618-000034,2026-06-19T00:22:26.309Z,8,[MASKED],Consultando seu extrato dos últimos 30 dias.,extrato,0.88,positive,0.7647307231709364,2835,False,False
conv-20260618-000034,2026-06-19T00:22:33.309Z,9,[MASKED],Processando sua solicitação sobre pagamento_boleto.,pagamento_boleto,0.97,positive,0.8984972451289349,890,True,False
conv-20260618-000034,2026-06-19T00:22:38.309Z,10,[MASKED],Processando sua solicitação sobre sinistro.,sinistro,0.84,neutral,0.4284343266150736,1099,False,False
conv-20260612-000035,2026-06-13T04:36:46.309Z,1,[MASKED],Processando sua solicitação sobre transferencia_ted.,transferencia_ted,0.81,negative,0.2656687234097616,1392,False,False
conv-20260612-000035,2026-06-13T04:36:51.309Z,2,[MASKED],Processando sua solicitação sobre saque_exterior.,saque_exterior,0.76,neutral,0.5252359044311787,2487,False,True
conv-20260612-000035,2026-06-13T04:37:01.309Z,3,[MASKED],Processando sua solicitação sobre transferencia_ted.,transferencia_ted,0.99,negative,0.2818814428626196,502,False,False
conv-20260612-000035,2026-06-13T04:37:08.309Z,4,[MASKED],Você possui R$ 88098.00 investidos.,investimentos,0.97,positive,0.7331050158318688,1976,False,False
conv-20260612-000035,2026-06-13T04:37:22.309Z,5,[MASKED],Processando sua solicitação sobre sinistro.,sinistro,0.75,neutral,0.4953613416521828,2258,True,False
conv-20260612-000035,2026-06-13T04:37:33.309Z,6,[MASKED],Processando sua solicitação sobre transferencia_ted.,transferencia_ted,0.99,positive,0.784462786755012,538,True,False
conv-20260612-000035,2026-06-13T04:37:39.309Z,7,[MASKED],Processando sua solicitação sobre emprestimo_simulacao.,emprestimo_simulacao,0.83,neutral,0.5761977989960542,865,True,False
conv-20260612-000035,2026-06-13T04:37:54.309Z,8,[MASKED],Processando sua solicitação sobre resgate.,resgate,0.9,positive,0.7328233099581293,1085,False,False
conv-20260612-000035,2026-06-13T04:38:07.309Z,9,[MASKED],Processando sua solicitação sobre resgate.,resgate,0.77,neutral,0.42009302249552777,2186,True,False
conv-20260612-000035,2026-06-13T04:38:16.309Z,10,[MASKED],Processando sua solicitação sobre limite.,limite,0.82,positive,0.7168497431995974,2258,False,False
conv-20260611-000036,2026-06-12T00:01:11.309Z,1,[MASKED],Transferência PIX realizada com sucesso.,transferencia_pix,0.96,negative,0.2136760777545922,1979,False,False
conv-20260611-000036,2026-06-12T00:01:16.309Z,2,[MASKED],Transferência PIX realizada com sucesso.,transferencia_pix,0.81,positive,0.707965372387438,798,True,False
conv-20260611-000036,2026-06-12T00:01:25.309Z,3,[MASKED],Processando sua solicitação sobre pagamento_boleto.,pagamento_boleto,0.85,neutral,0.4804554821289,1673,True,False
conv-20260611-000036,2026-06-12T00:01:32.309Z,4,[MASKED],Você possui R$ 71305.00 investidos.,investimentos,0.83,negative,0.2172874326024864,2594,True,False
conv-20260611-000036,2026-06-12T00:01:41.309Z,5,[MASKED],Processando sua solicitação sobre sinistro.,sinistro,0.86,positive,0.8217664808854888,737,False,False
conv-20260611-000036,2026-06-12T00:01:54.309Z,6,[MASKED],Processando sua solicitação sobre seguros.,seguros,0.75,positive,0.7992825865045432,989,False,False
conv-20260611-000036,2026-06-12T00:02:09.309Z,7,[MASKED],Cartão bloqueado por segurança.,cartao_bloqueio,0.93,positive,0.7236113440564726,1183,True,False
conv-20260611-000036,2026-06-12T00:02:18.309Z,8,[MASKED],Cartão bloqueado por segurança.,cartao_bloqueio,0.9,positive,0.7992295137870279,2645,False,True
conv-20260611-000036,2026-06-12T00:02:26.309Z,9,[MASKED],Processando sua solicitação sobre seguros.,seguros,0.92,neutral,0.4456808846306502,1544,True,True
conv-20260611-000036,2026-06-12T00:02:32.309Z,10,[MASKED],Consultando seu extrato dos últimos 30 dias.,extrato,0.97,positive,0.8714970395495946,2432,False,False
conv-20260614-000037,2026-06-14T22:59:34.309Z,1,[MASKED],Processando sua solicitação sobre cartao_desbloqueio.,cartao_desbloqueio,0.9,neutral,0.49278533811609987,1694,False,False
conv-20260614-000037,2026-06-14T22:59:49.309Z,2,[MASKED],Processando sua solicitação sobre cotacao_seguro.,cotacao_seguro,0.75,neutral,0.482007221913204,2738,True,False
conv-20260614-000037,2026-06-14T23:00:02.309Z,3,[MASKED],Seu saldo atual é R$ 43177.00.,saldo,0.95,positive,0.8454430078081945,1872,True,False
conv-20260614-000037,2026-06-14T23:00:08.309Z,4,[MASKED],Processando sua solicitação sobre emprestimo_contratacao.,emprestimo_contratacao,0.82,negative,0.10878005314063191,2515,True,False
conv-20260614-000037,2026-06-14T23:00:19.309Z,5,[MASKED],Processando sua solicitação sobre emprestimo_contratacao.,emprestimo_contratacao,0.89,neutral,0.5010855527721552,2025,False,True
conv-20260614-000037,2026-06-14T23:00:28.309Z,6,[MASKED],Processando sua solicitação sobre resgate.,resgate,0.92,positive,0.8470705737564737,1469,False,False
conv-20260614-000037,2026-06-14T23:00:34.309Z,7,[MASKED],Você possui R$ 15283.00 investidos.,investimentos,0.79,positive,0.7328749961399537,1330,False,False
conv-20260621-000038,2026-06-21T19:39:11.309Z,1,[MASKED],Processando sua solicitação sobre resgate.,resgate,0.98,positive,0.8709202609244007,1724,True,True
conv-20260621-000038,2026-06-21T19:39:26.309Z,2,[MASKED],Processando sua solicitação sobre resgate.,resgate,0.8,positive,0.7801163619343039,997,True,False
conv-20260621-000038,2026-06-21T19:39:33.309Z,3,[MASKED],Você possui R$ 85670.00 investidos.,investimentos,0.86,negative,0.1257583097994009,589,False,False
conv-20260621-000038,2026-06-21T19:39:43.309Z,4,[MASKED],Consultando seu extrato dos últimos 30 dias.,extrato,0.84,negative,0.10589645860005831,1188,False,False
conv-20260621-000038,2026-06-21T19:39:49.309Z,5,[MASKED],Processando sua solicitação sobre seguros.,seguros,0.9,positive,0.8233954328980816,1626,False,False
conv-20260621-000038,2026-06-21T19:40:00.309Z,6,[MASKED],Transferência PIX realizada com sucesso.,transferencia_pix,0.85,positive,0.828530505127687,749,True,False
conv-20260621-000038,2026-06-21T19:40:15.309Z,7,[MASKED],Processando sua solicitação sobre previdencia.,previdencia,0.87,negative,0.25628702116709867,579,False,False
conv-20260621-000038,2026-06-21T19:40:26.309Z,8,[MASKED],Processando sua solicitação sobre fatura.,fatura,0.89,positive,0.7058606921073269,2090,False,False
conv-20260621-000038,2026-06-21T19:40:37.309Z,9,[MASKED],Processando sua solicitação sobre limite.,limite,0.81,negative,0.1482305590309605,2892,True,False
conv-20260621-000038,2026-06-21T19:40:43.309Z,10,[MASKED],Processando sua solicitação sobre saque_exterior.,saque_exterior,0.81,positive,0.7636008736583744,2090,False,False
conv-20260609-000039,2026-06-10T03:06:59.309Z,1,[MASKED],Processando sua solicitação sobre fatura.,fatura,0.92,positive,0.7283305328702427,1825,True,False
conv-20260609-000039,2026-06-10T03:07:07.309Z,2,[MASKED],Você possui R$ 52851.00 investidos.,investimentos,0.89,neutral,0.4673122142281609,2030,False,False
conv-20260609-000039,2026-06-10T03:07:12.309Z,3,[MASKED],Processando sua solicitação sobre emprestimo_contratacao.,emprestimo_contratacao,0.98,neutral,0.5387120796585085,2495,False,False
conv-20260609-000039,2026-06-10T03:07:24.309Z,4,[MASKED],Processando sua solicitação sobre seguros.,seguros,0.78,positive,0.8457661911871999,2049,False,False
conv-20260613-000040,2026-06-14T00:54:17.309Z,1,[MASKED],Processando sua solicitação sobre fatura.,fatura,0.76,neutral,0.48764402826515507,1551,False,False
conv-20260613-000040,2026-06-14T00:54:26.309Z,2,[MASKED],Transferência PIX realizada com sucesso.,transferencia_pix,0.95,positive,0.8577459988952439,2051,True,False
conv-20260613-000040,2026-06-14T00:54:30.309Z,3,[MASKED],Consultando seu extrato dos últimos 30 dias.,extrato,0.77,positive,0.7340210406302382,1707,False,False
conv-20260619-000041,2026-06-19T18:57:26.309Z,1,[MASKED],Processando sua solicitação sobre sinistro.,sinistro,0.9,neutral,0.4960656794900817,515,True,True
conv-20260619-000041,2026-06-19T18:57:39.309Z,2,[MASKED],Processando sua solicitação sobre cartao_desbloqueio.,cartao_desbloqueio,0.94,neutral,0.4941888905899179,835,False,False
conv-20260623-000042,2026-06-24T00:42:41.309Z,1,[MASKED],Processando sua solicitação sobre previdencia.,previdencia,0.89,negative,0.14712840389648418,2214,False,True
conv-20260623-000042,2026-06-24T00:42:52.309Z,2,[MASKED],Processando sua solicitação sobre saque_exterior.,saque_exterior,0.79,neutral,0.589850963290317,2616,False,False
conv-20260623-000042,2026-06-24T00:42:57.309Z,3,[MASKED],Processando sua solicitação sobre cotacao_seguro.,cotacao_seguro,0.99,positive,0.7870786491065015,1289,True,False
conv-20260623-000042,2026-06-24T00:43:04.309Z,4,[MASKED],Processando sua solicitação sobre fatura.,fatura,0.88,positive,0.8713248361292494,774,False,False
conv-20260623-000042,2026-06-24T00:43:07.309Z,5,[MASKED],Processando sua solicitação sobre cambio.,cambio,0.85,neutral,0.4296399482586889,2906,True,False
conv-20260623-000042,2026-06-24T00:43:19.309Z,6,[MASKED],Processando sua solicitação sobre aplicacao.,aplicacao,0.81,neutral,0.53095753414271,1671,False,False
conv-20260623-000042,2026-06-24T00:43:28.309Z,7,[MASKED],Processando sua solicitação sobre resgate.,resgate,0.84,neutral,0.575791526334724,2993,True,False
conv-20260623-000042,2026-06-24T00:43:35.309Z,8,[MASKED],Processando sua solicitação sobre limite.,limite,0.82,positive,0.7983238426718634,582,True,False
conv-20260625-000043,2026-06-26T02:44:12.309Z,1,[MASKED],Consultando seu extrato dos últimos 30 dias.,extrato,0.76,neutral,0.43855268936631164,1055,True,False
conv-20260625-000043,2026-06-26T02:44:18.309Z,2,[MASKED],Consultando seu extrato dos últimos 30 dias.,extrato,0.8,positive,0.7736703855149542,2369,False,False
conv-20260625-000043,2026-06-26T02:44:31.309Z,3,[MASKED],Processando sua solicitação sobre aplicacao.,aplicacao,0.86,positive,0.8921040756560576,625,False,False
conv-20260625-000043,2026-06-26T02:44:39.309Z,4,[MASKED],Processando sua solicitação sobre limite.,limite,0.95,neutral,0.4180783842281541,1169,True,False
conv-20260625-000043,2026-06-26T02:44:44.309Z,5,[MASKED],Processando sua solicitação sobre saque_exterior.,saque_exterior,0.91,neutral,0.4538167158537914,1377,False,False
conv-20260625-000043,2026-06-26T02:44:59.309Z,6,[MASKED],Seu saldo atual é R$ 42526.00.,saldo,0.89,negative,0.10169274542297427,2441,False,False
conv-20260625-000043,2026-06-26T02:45:06.309Z,7,[MASKED],Cartão bloqueado por segurança.,cartao_bloqueio,0.81,neutral,0.49333960309944314,2235,False,False
conv-20260625-000043,2026-06-26T02:45:09.309Z,8,[MASKED],Processando sua solicitação sobre pagamento_boleto.,pagamento_boleto,0.82,neutral,0.5368826271714338,2032,False,False
conv-20260625-000043,2026-06-26T02:45:22.309Z,9,[MASKED],Processando sua solicitação sobre fatura.,fatura,0.82,positive,0.7299858592708314,1634,True,False
conv-20260625-000043,2026-06-26T02:45:37.309Z,10,[MASKED],Processando sua solicitação sobre cambio.,cambio,0.92,neutral,0.5310801140924883,2155,False,False
conv-20260609-000044,2026-06-09T22:48:13.309Z,1,[MASKED],Processando sua solicitação sobre pagamento_boleto.,pagamento_boleto,0.93,neutral,0.436613671402519,1024,False,False
conv-20260609-000044,2026-06-09T22:48:19.309Z,2,[MASKED],Processando sua solicitação sobre limite.,limite,0.94,neutral,0.46626342739415527,1414,False,False
conv-20260609-000044,2026-06-09T22:48:29.309Z,3,[MASKED],Processando sua solicitação sobre aplicacao.,aplicacao,0.89,positive,0.8241309390533206,2427,False,False
conv-20260612-000045,2026-06-12T23:49:46.309Z,1,[MASKED],Processando sua solicitação sobre resgate.,resgate,0.86,positive,0.7418764736670156,1224,True,False
conv-20260612-000045,2026-06-12T23:49:51.309Z,2,[MASKED],Transferência PIX realizada com sucesso.,transferencia_pix,0.85,positive,0.7858050897200821,860,False,False
conv-20260612-000045,2026-06-12T23:49:54.309Z,3,[MASKED],Processando sua solicitação sobre previdencia.,previdencia,0.93,neutral,0.5062067571141968,1316,True,False
conv-20260612-000045,2026-06-12T23:50:07.309Z,4,[MASKED],Processando sua solicitação sobre sinistro.,sinistro,0.78,neutral,0.47671009526153874,1426,False,False
conv-20260612-000045,2026-06-12T23:50:10.309Z,5,[MASKED],Processando sua solicitação sobre cartao_desbloqueio.,cartao_desbloqueio,0.88,neutral,0.4867330460071177,1691,True,False
conv-20260612-000045,2026-06-12T23:50:20.309Z,6,[MASKED],Processando sua solicitação sobre limite.,limite,0.8,positive,0.8454337656272644,1271,True,False
conv-20260612-000045,2026-06-12T23:50:23.309Z,7,[MASKED],Processando sua solicitação sobre saque_exterior.,saque_exterior,0.91,positive,0.707472685538519,2566,False,False
conv-20260612-000045,2026-06-12T23:50:35.309Z,8,[MASKED],Consultando seu extrato dos últimos 30 dias.,extrato,0.91,negative,0.10394835330282903,2932,True,False
conv-20260612-000045,2026-06-12T23:50:44.309Z,9,[MASKED],Processando sua solicitação sobre aplicacao.,aplicacao,0.8,positive,0.8371480057095161,2741,True,False
conv-20260618-000046,2026-06-18T21:32:19.309Z,1,[MASKED],Transferência PIX realizada com sucesso.,transferencia_pix,0.87,positive,0.741538796854323,2178,False,False
conv-20260618-000046,2026-06-18T21:32:22.309Z,2,[MASKED],Seu saldo atual é R$ 37727.00.,saldo,0.87,negative,0.28988920314622324,864,True,False
conv-20260618-000046,2026-06-18T21:32:26.309Z,3,[MASKED],Cartão bloqueado por segurança.,cartao_bloqueio,0.86,neutral,0.4199617830115235,1446,True,False
conv-20260618-000046,2026-06-18T21:32:33.309Z,4,[MASKED],Processando sua solicitação sobre limite.,limite,0.95,neutral,0.5780584023086563,1780,True,False
conv-20260618-000046,2026-06-18T21:32:46.309Z,5,[MASKED],Processando sua solicitação sobre seguros.,seguros,0.81,positive,0.8466135890676847,1846,False,False
conv-20260618-000046,2026-06-18T21:32:51.309Z,6,[MASKED],Processando sua solicitação sobre aplicacao.,aplicacao,0.95,neutral,0.5379804862300628,2141,False,False
conv-20260618-000046,2026-06-18T21:33:04.309Z,7,[MASKED],Processando sua solicitação sobre seguros.,seguros,0.99,positive,0.8688699694862894,963,True,False
conv-20260617-000047,2026-06-17T17:58:24.309Z,1,[MASKED],Processando sua solicitação sobre transferencia_ted.,transferencia_ted,0.96,neutral,0.5038199358032691,2861,True,False
conv-20260617-000047,2026-06-17T17:58:38.309Z,2,[MASKED],Processando sua solicitação sobre sinistro.,sinistro,0.84,positive,0.8678066042459576,2473,True,True
conv-20260617-000047,2026-06-17T17:58:49.309Z,3,[MASKED],Transferência PIX realizada com sucesso.,transferencia_pix,0.87,neutral,0.4481783633394462,2530,False,True
conv-20260617-000047,2026-06-17T17:59:00.309Z,4,[MASKED],Processando sua solicitação sobre emprestimo_simulacao.,emprestimo_simulacao,0.86,neutral,0.5146069861175099,2151,True,False
conv-20260617-000047,2026-06-17T17:59:10.309Z,5,[MASKED],Processando sua solicitação sobre fatura.,fatura,0.75,negative,0.18068793179443263,986,True,False
conv-20260617-000047,2026-06-17T17:59:13.309Z,6,[MASKED],Você possui R$ 40924.00 investidos.,investimentos,0.96,negative,0.21246651441879758,2974,False,False
conv-20260617-000047,2026-06-17T17:59:21.309Z,7,[MASKED],Consultando seu extrato dos últimos 30 dias.,extrato,0.93,neutral,0.5199902303116525,1413,False,False
conv-20260617-000047,2026-06-17T17:59:25.309Z,8,[MASKED],Processando sua solicitação sobre aplicacao.,aplicacao,0.98,positive,0.7583967127616563,1408,False,False
conv-20260617-000047,2026-06-17T17:59:28.309Z,9,[MASKED],Processando sua solicitação sobre seguros.,seguros,0.92,positive,0.7213923011039038,2516,True,False
conv-20260617-000047,2026-06-17T17:59:37.309Z,10,[MASKED],Processando sua solicitação sobre cotacao_seguro.,cotacao_seguro,0.83,neutral,0.5514298683620548,2372,True,False
conv-20260602-000048,2026-06-03T01:53:29.309Z,1,[MASKED],Processando sua solicitação sobre saque_exterior.,saque_exterior,0.87,neutral,0.47693252774874084,2086,True,False
conv-20260602-000048,2026-06-03T01:53:37.309Z,2,[MASKED],Processando sua solicitação sobre cartao_desbloqueio.,cartao_desbloqueio,0.89,neutral,0.5772873710817499,2354,False,False
conv-20260602-000048,2026-06-03T01:53:48.309Z,3,[MASKED],Processando sua solicitação sobre fatura.,fatura,0.9,neutral,0.45811589909585015,2767,False,False
conv-20260602-000048,2026-06-03T01:53:53.309Z,4,[MASKED],Processando sua solicitação sobre seguros.,seguros,0.92,neutral,0.5521550049666133,2563,False,False
conv-20260603-000049,2026-06-04T04:10:17.309Z,1,[MASKED],Processando sua solicitação sobre cartao_desbloqueio.,cartao_desbloqueio,0.9,positive,0.8351052027039119,2716,True,False
conv-20260603-000049,2026-06-04T04:10:28.309Z,2,[MASKED],Processando sua solicitação sobre emprestimo_simulacao.,emprestimo_simulacao,0.92,neutral,0.4093959762550664,1473,False,False
conv-20260603-000049,2026-06-04T04:10:43.309Z,3,[MASKED],Processando sua solicitação sobre fatura.,fatura,0.8,positive,0.8737699922635033,2761,False,False
conv-20260603-000049,2026-06-04T04:10:56.309Z,4,[MASKED],Processando sua solicitação sobre limite.,limite,0.94,neutral,0.5928579646252061,2910,False,False
conv-20260603-000049,2026-06-04T04:11:09.309Z,5,[MASKED],Você possui R$ 68350.00 investidos.,investimentos,0.78,negative,0.10812684659437509,1265,False,False
conv-20260627-000050,2026-06-27T21:05:37.309Z,1,[MASKED],Processando sua solicitação sobre pagamento_boleto.,pagamento_boleto,0.96,neutral,0.5326668952880553,2699,False,False
conv-20260627-000050,2026-06-27T21:05:43.309Z,2,[MASKED],Processando sua solicitação sobre cambio.,cambio,0.99,neutral,0.40176073925900746,2672,False,False
conv-20260627-000050,2026-06-27T21:05:56.309Z,3,[MASKED],Processando sua solicitação sobre cambio.,cambio,0.84,negative,0.2592413171306069,1498,True,False
conv-20260627-000050,2026-06-27T21:06:07.309Z,4,[MASKED],Processando sua solicitação sobre cartao_desbloqueio.,cartao_desbloqueio,0.94,negative,0.18911137951434362,601,True,False
conv-20260627-000050,2026-06-27T21:06:20.309Z,5,[MASKED],Processando sua solicitação sobre cotacao_seguro.,cotacao_seguro,0.98,neutral,0.5546637036472184,1812,True,False
conv-20260627-000050,2026-06-27T21:06:26.309Z,6,[MASKED],Processando sua solicitação sobre cotacao_seguro.,cotacao_seguro,0.95,neutral,0.5757274463418482,2237,False,False
conv-20260627-000050,2026-06-27T21:06:30.309Z,7,[MASKED],Processando sua solicitação sobre resgate.,resgate,0.77,neutral,0.4108536141782882,597,False,False
conv-20260627-000050,2026-06-27T21:06:42.309Z,8,[MASKED],Processando sua solicitação sobre sinistro.,sinistro,0.85,neutral,0.46328084918393336,1559,False,False
conv-20260613-000051,2026-06-13T19:12:54.309Z,1,[MASKED],Processando sua solicitação sobre cambio.,cambio,0.78,neutral,0.4781985130857981,626,False,False
conv-20260613-000051,2026-06-13T19:12:59.309Z,2,[MASKED],Processando sua solicitação sobre cartao_desbloqueio.,cartao_desbloqueio,0.96,negative,0.12827477324491016,2028,True,False
conv-20260613-000051,2026-06-13T19:13:10.309Z,3,[MASKED],Processando sua solicitação sobre previdencia.,previdencia,0.97,positive,0.7687703299697294,848,False,False
conv-20260613-000051,2026-06-13T19:13:21.309Z,4,[MASKED],Processando sua solicitação sobre resgate.,resgate,0.8,positive,0.73627159695473,1159,True,False
conv-20260613-000051,2026-06-13T19:13:32.309Z,5,[MASKED],Processando sua solicitação sobre transferencia_ted.,transferencia_ted,0.81,positive,0.7394835184895833,2751,False,False
conv-20260613-000051,2026-06-13T19:13:40.309Z,6,[MASKED],Processando sua solicitação sobre resgate.,resgate,0.97,positive,0.7635571874467452,1460,False,False
conv-20260613-000051,2026-06-13T19:13:53.309Z,7,[MASKED],Processando sua solicitação sobre cartao_desbloqueio.,cartao_desbloqueio,0.94,positive,0.8917317843859008,2892,True,True
conv-20260613-000051,2026-06-13T19:14:08.309Z,8,[MASKED],Processando sua solicitação sobre sinistro.,sinistro,0.91,positive,0.766312590059468,2286,False,False
conv-20260630-000052,2026-07-01T03:55:56.309Z,1,[MASKED],Processando sua solicitação sobre pagamento_boleto.,pagamento_boleto,0.91,neutral,0.4297265967217365,1567,False,False
conv-20260630-000052,2026-07-01T03:56:11.309Z,2,[MASKED],Processando sua solicitação sobre saque_exterior.,saque_exterior,0.77,positive,0.7727731116148342,1691,True,False
conv-20260625-000053,2026-06-26T06:25:13.309Z,1,[MASKED],Processando sua solicitação sobre sinistro.,sinistro,0.84,neutral,0.583580388806229,675,True,False
conv-20260625-000053,2026-06-26T06:25:17.309Z,2,[MASKED],Processando sua solicitação sobre pagamento_boleto.,pagamento_boleto,0.88,neutral,0.43476996328929,1620,False,False
conv-20260625-000053,2026-06-26T06:25:30.309Z,3,[MASKED],Você possui R$ 68681.00 investidos.,investimentos,0.85,positive,0.8634473530467144,2616,False,False
conv-20260625-000053,2026-06-26T06:25:40.309Z,4,[MASKED],Processando sua solicitação sobre cambio.,cambio,0.79,neutral,0.41541764514824936,527,False,False
conv-20260625-000053,2026-06-26T06:25:45.309Z,5,[MASKED],Processando sua solicitação sobre seguros.,seguros,0.81,neutral,0.562234525874592,1983,True,False
conv-20260625-000053,2026-06-26T06:25:55.309Z,6,[MASKED],Transferência PIX realizada com sucesso.,transferencia_pix,0.76,neutral,0.4086288662670331,1363,True,False
conv-20260625-000053,2026-06-26T06:26:06.309Z,7,[MASKED],Consultando seu extrato dos últimos 30 dias.,extrato,0.97,positive,0.8033281385276293,2844,False,False
conv-20260621-000054,2026-06-22T03:31:02.309Z,1,[MASKED],Processando sua solicitação sobre transferencia_ted.,transferencia_ted,0.91,positive,0.8653028371178526,944,True,False
conv-20260621-000054,2026-06-22T03:31:14.309Z,2,[MASKED],Processando sua solicitação sobre cambio.,cambio,0.93,neutral,0.4186379931602492,659,True,False
conv-20260621-000054,2026-06-22T03:31:25.309Z,3,[MASKED],Seu saldo atual é R$ 24373.00.,saldo,0.92,neutral,0.48579125289542413,2267,False,False
conv-20260621-000054,2026-06-22T03:31:34.309Z,4,[MASKED],Processando sua solicitação sobre limite.,limite,0.77,neutral,0.42677662112492026,2912,False,False
conv-20260621-000054,2026-06-22T03:31:38.309Z,5,[MASKED],Processando sua solicitação sobre cartao_desbloqueio.,cartao_desbloqueio,0.8,neutral,0.5418297674412216,2950,True,False
conv-20260621-000054,2026-06-22T03:31:42.309Z,6,[MASKED],Processando sua solicitação sobre pagamento_boleto.,pagamento_boleto,0.94,positive,0.7817690154347864,529,True,False
conv-20260621-000054,2026-06-22T03:31:55.309Z,7,[MASKED],Processando sua solicitação sobre saque_exterior.,saque_exterior,0.89,positive,0.8223761354022631,1538,False,False
conv-20260621-000054,2026-06-22T03:32:04.309Z,8,[MASKED],Processando sua solicitação sobre previdencia.,previdencia,0.88,neutral,0.4507555290885393,2783,False,False
conv-20260607-000055,2026-06-08T06:29:45.309Z,1,[MASKED],Processando sua solicitação sobre fatura.,fatura,0.97,neutral,0.4870754869105528,521,True,False
conv-20260607-000055,2026-06-08T06:29:53.309Z,2,[MASKED],Você possui R$ 53513.00 investidos.,investimentos,0.9,positive,0.8042011086441119,2994,True,False
conv-20260607-000055,2026-06-08T06:29:58.309Z,3,[MASKED],Transferência PIX realizada com sucesso.,transferencia_pix,0.82,positive,0.7067218702792517,2298,True,False
conv-20260607-000055,2026-06-08T06:30:11.309Z,4,[MASKED],Consultando seu extrato dos últimos 30 dias.,extrato,0.77,positive,0.7551873740250958,1973,False,False
conv-20260607-000055,2026-06-08T06:30:20.309Z,5,[MASKED],Processando sua solicitação sobre emprestimo_simulacao.,emprestimo_simulacao,0.92,positive,0.8838354842218248,2900,False,False
conv-20260607-000055,2026-06-08T06:30:31.309Z,6,[MASKED],Processando sua solicitação sobre saque_exterior.,saque_exterior,0.9,positive,0.7389050386171923,1925,False,False
conv-20260607-000055,2026-06-08T06:30:38.309Z,7,[MASKED],Processando sua solicitação sobre seguros.,seguros,0.87,neutral,0.4679931788847081,2167,True,False
conv-20260607-000055,2026-06-08T06:30:45.309Z,8,[MASKED],Processando sua solicitação sobre previdencia.,previdencia,0.89,positive,0.8539934385467668,2854,False,False
conv-20260627-000056,2026-06-28T01:54:41.309Z,1,[MASKED],Processando sua solicitação sobre pagamento_boleto.,pagamento_boleto,0.88,neutral,0.43569714945041454,2134,False,False
conv-20260627-000056,2026-06-28T01:54:53.309Z,2,[MASKED],Cartão bloqueado por segurança.,cartao_bloqueio,0.87,negative,0.13993330781886185,1248,True,False
conv-20260627-000056,2026-06-28T01:54:59.309Z,3,[MASKED],Processando sua solicitação sobre sinistro.,sinistro,0.79,neutral,0.42133785802107826,1330,True,False
conv-20260627-000056,2026-06-28T01:55:12.309Z,4,[MASKED],Transferência PIX realizada com sucesso.,transferencia_pix,0.95,neutral,0.4742393070767335,527,False,False
conv-20260627-000056,2026-06-28T01:55:24.309Z,5,[MASKED],Cartão bloqueado por segurança.,cartao_bloqueio,0.85,positive,0.8500338771591562,2510,True,False
conv-20260627-000056,2026-06-28T01:55:34.309Z,6,[MASKED],Processando sua solicitação sobre previdencia.,previdencia,0.94,neutral,0.4914392068632054,633,True,False
conv-20260617-000057,2026-06-17T21:20:44.309Z,1,[MASKED],Processando sua solicitação sobre emprestimo_contratacao.,emprestimo_contratacao,0.91,positive,0.8628381328282799,2346,False,False
conv-20260617-000057,2026-06-17T21:20:55.309Z,2,[MASKED],Processando sua solicitação sobre emprestimo_contratacao.,emprestimo_contratacao,0.86,positive,0.7019484582194795,2060,False,False
conv-20260617-000057,2026-06-17T21:21:08.309Z,3,[MASKED],Processando sua solicitação sobre pagamento_boleto.,pagamento_boleto,0.81,neutral,0.5717003964898505,2687,True,False
conv-20260617-000057,2026-06-17T21:21:22.309Z,4,[MASKED],Processando sua solicitação sobre seguros.,seguros,0.95,positive,0.7192603773621542,745,False,False
conv-20260617-000057,2026-06-17T21:21:30.309Z,5,[MASKED],Processando sua solicitação sobre previdencia.,previdencia,0.75,negative,0.12424749784334076,2783,True,False
conv-20260617-000057,2026-06-17T21:21:43.309Z,6,[MASKED],Processando sua solicitação sobre previdencia.,previdencia,0.83,negative,0.20208890510722063,1214,False,False
conv-20260617-000057,2026-06-17T21:21:52.309Z,7,[MASKED],Processando sua solicitação sobre cambio.,cambio,0.9,neutral,0.5857133333942119,1673,False,False
conv-20260617-000057,2026-06-17T21:22:04.309Z,8,[MASKED],Processando sua solicitação sobre emprestimo_simulacao.,emprestimo_simulacao,0.83,positive,0.830602619486088,792,False,False
conv-20260623-000058,2026-06-23T20:19:10.309Z,1,[MASKED],Processando sua solicitação sobre cotacao_seguro.,cotacao_seguro,0.93,positive,0.7166502402781374,720,False,False
conv-20260623-000058,2026-06-23T20:19:14.309Z,2,[MASKED],Processando sua solicitação sobre emprestimo_simulacao.,emprestimo_simulacao,0.86,positive,0.7252823414374547,1767,True,False
conv-20260623-000058,2026-06-23T20:19:22.309Z,3,[MASKED],Transferência PIX realizada com sucesso.,transferencia_pix,0.88,negative,0.12702298159829117,2413,True,False
conv-20260623-000058,2026-06-23T20:19:32.309Z,4,[MASKED],Processando sua solicitação sobre saque_exterior.,saque_exterior,0.82,neutral,0.46943366003282616,2281,True,False
conv-20260623-000058,2026-06-23T20:19:42.309Z,5,[MASKED],Processando sua solicitação sobre cartao_desbloqueio.,cartao_desbloqueio,0.75,neutral,0.5046632480850515,1998,True,False
conv-20260623-000058,2026-06-23T20:19:52.309Z,6,[MASKED],Processando sua solicitação sobre previdencia.,previdencia,0.82,neutral,0.5531738406873276,534,False,False
conv-20260623-000058,2026-06-23T20:20:07.309Z,7,[MASKED],Seu saldo atual é R$ 27083.00.,saldo,0.85,positive,0.749979223554238,2745,False,False
conv-20260623-000058,2026-06-23T20:20:13.309Z,8,[MASKED],Cartão bloqueado por segurança.,cartao_bloqueio,0.93,neutral,0.581990880687857,824,False,False
conv-20260623-000058,2026-06-23T20:20:27.309Z,9,[MASKED],Processando sua solicitação sobre previdencia.,previdencia,0.78,neutral,0.42207127010359274,1601,False,False
conv-20260611-000059,2026-06-11T20:59:10.309Z,1,[MASKED],Seu saldo atual é R$ 32762.00.,saldo,0.86,positive,0.8582849428530591,2221,False,True
conv-20260611-000059,2026-06-11T20:59:13.309Z,2,[MASKED],Cartão bloqueado por segurança.,cartao_bloqueio,0.8,positive,0.868307857588052,2107,False,False
conv-20260611-000059,2026-06-11T20:59:17.309Z,3,[MASKED],Processando sua solicitação sobre sinistro.,sinistro,0.93,neutral,0.40670205831405504,2076,False,False
conv-20260611-000059,2026-06-11T20:59:21.309Z,4,[MASKED],Processando sua solicitação sobre pagamento_boleto.,pagamento_boleto,0.97,neutral,0.4317222872811023,1353,True,False
conv-20260611-000059,2026-06-11T20:59:32.309Z,5,[MASKED],Processando sua solicitação sobre pagamento_boleto.,pagamento_boleto,0.8,positive,0.8775039152087085,1000,True,False
conv-20260602-000060,2026-06-02T20:17:52.309Z,1,[MASKED],Processando sua solicitação sobre cambio.,cambio,0.76,neutral,0.47110353506293134,874,True,False
conv-20260602-000060,2026-06-02T20:18:07.309Z,2,[MASKED],Processando sua solicitação sobre aplicacao.,aplicacao,0.94,neutral,0.5513395046402778,1015,False,False
conv-20260602-000060,2026-06-02T20:18:10.309Z,3,[MASKED],Processando sua solicitação sobre emprestimo_simulacao.,emprestimo_simulacao,0.87,neutral,0.4875000008330118,1967,False,False
conv-20260602-000060,2026-06-02T20:18:20.309Z,4,[MASKED],Processando sua solicitação sobre cotacao_seguro.,cotacao_seguro,0.93,positive,0.7550648925716607,2821,True,True
conv-20260630-000061,2026-06-30T21:14:50.309Z,1,[MASKED],Processando sua solicitação sobre cambio.,cambio,0.82,neutral,0.4819609055532573,2537,False,False
conv-20260630-000061,2026-06-30T21:15:01.309Z,2,[MASKED],Você possui R$ 24414.00 investidos.,investimentos,0.96,neutral,0.4404158057377564,679,False,False
conv-20260630-000061,2026-06-30T21:15:04.309Z,3,[MASKED],Processando sua solicitação sobre saque_exterior.,saque_exterior,0.92,neutral,0.4511877060667956,2091,False,False
conv-20260630-000061,2026-06-30T21:15:18.309Z,4,[MASKED],Você possui R$ 86950.00 investidos.,investimentos,0.87,negative,0.2779534650326933,553,True,False
conv-20260630-000061,2026-06-30T21:15:31.309Z,5,[MASKED],Consultando seu extrato dos últimos 30 dias.,extrato,0.94,neutral,0.411660004889433,1978,False,False
conv-20260619-000062,2026-06-20T04:05:41.309Z,1,[MASKED],Processando sua solicitação sobre saque_exterior.,saque_exterior,0.79,neutral,0.43607930772001363,2378,False,False
conv-20260619-000062,2026-06-20T04:05:54.309Z,2,[MASKED],Processando sua solicitação sobre seguros.,seguros,0.97,negative,0.21001626847902385,2686,False,False
conv-20260619-000062,2026-06-20T04:06:03.309Z,3,[MASKED],Processando sua solicitação sobre emprestimo_contratacao.,emprestimo_contratacao,0.8,neutral,0.5531416439268569,1824,False,False
conv-20260619-000062,2026-06-20T04:06:13.309Z,4,[MASKED],Processando sua solicitação sobre transferencia_ted.,transferencia_ted,0.89,positive,0.8035218717680659,2126,False,True
conv-20260619-000062,2026-06-20T04:06:19.309Z,5,[MASKED],Processando sua solicitação sobre fatura.,fatura,0.97,neutral,0.5022542976682232,588,True,False
conv-20260619-000062,2026-06-20T04:06:27.309Z,6,[MASKED],Processando sua solicitação sobre resgate.,resgate,0.81,positive,0.8622148473565318,1066,True,False
conv-20260619-000062,2026-06-20T04:06:39.309Z,7,[MASKED],Processando sua solicitação sobre cotacao_seguro.,cotacao_seguro,0.87,neutral,0.579804819359772,816,True,False
conv-20260615-000063,2026-06-16T05:35:54.309Z,1,[MASKED],Processando sua solicitação sobre sinistro.,sinistro,0.79,positive,0.8004803220894466,2647,True,False
conv-20260615-000063,2026-06-16T05:36:07.309Z,2,[MASKED],Processando sua solicitação sobre emprestimo_simulacao.,emprestimo_simulacao,0.77,neutral,0.486387134030138,2325,False,False
conv-20260619-000064,2026-06-20T03:41:33.309Z,1,[MASKED],Processando sua solicitação sobre previdencia.,previdencia,0.78,positive,0.7827164104931662,2261,False,False
conv-20260619-000064,2026-06-20T03:41:41.309Z,2,[MASKED],Processando sua solicitação sobre limite.,limite,0.99,neutral,0.5232441988909007,2932,False,False
conv-20260619-000064,2026-06-20T03:41:51.309Z,3,[MASKED],Consultando seu extrato dos últimos 30 dias.,extrato,0.93,positive,0.8705528290358402,1456,True,False
conv-20260605-000065,2026-06-05T21:41:38.309Z,1,[MASKED],Processando sua solicitação sobre fatura.,fatura,0.99,neutral,0.539014228729539,1559,True,False
conv-20260605-000065,2026-06-05T21:41:51.309Z,2,[MASKED],Processando sua solicitação sobre pagamento_boleto.,pagamento_boleto,0.8,positive,0.8393053376942349,678,False,True
conv-20260605-000065,2026-06-05T21:41:55.309Z,3,[MASKED],Processando sua solicitação sobre emprestimo_simulacao.,emprestimo_simulacao,0.96,neutral,0.40381566478683883,1611,False,False
conv-20260605-000065,2026-06-05T21:42:04.309Z,4,[MASKED],Processando sua solicitação sobre pagamento_boleto.,pagamento_boleto,0.88,negative,0.1372834774835038,907,False,False
conv-20260605-000065,2026-06-05T21:42:18.309Z,5,[MASKED],Seu saldo atual é R$ 34795.00.,saldo,0.83,positive,0.778679963565455,662,True,False
conv-20260605-000065,2026-06-05T21:42:26.309Z,6,[MASKED],Processando sua solicitação sobre cartao_desbloqueio.,cartao_desbloqueio,0.94,negative,0.22515847274315262,1467,False,False
conv-20260605-000065,2026-06-05T21:42:29.309Z,7,[MASKED],Processando sua solicitação sobre previdencia.,previdencia,0.91,positive,0.7175590034274604,1647,False,False
conv-20260605-000065,2026-06-05T21:42:42.309Z,8,[MASKED],Processando sua solicitação sobre cambio.,cambio,0.85,neutral,0.4624765528883567,1431,False,False
conv-20260605-000065,2026-06-05T21:42:47.309Z,9,[MASKED],Processando sua solicitação sobre cotacao_seguro.,cotacao_seguro,0.96,neutral,0.46179967923243653,1067,True,False
conv-20260605-000065,2026-06-05T21:43:02.309Z,10,[MASKED],Processando sua solicitação sobre resgate.,resgate,0.88,negative,0.2897203128329523,2813,True,False
conv-20260610-000066,2026-06-10T19:55:47.309Z,1,[MASKED],Processando sua solicitação sobre resgate.,resgate,0.78,positive,0.8692276471923468,606,False,False
conv-20260610-000066,2026-06-10T19:55:55.309Z,2,[MASKED],Processando sua solicitação sobre seguros.,seguros,0.8,neutral,0.40644591064540914,2087,True,False
conv-20260610-000066,2026-06-10T19:56:04.309Z,3,[MASKED],Processando sua solicitação sobre sinistro.,sinistro,0.97,neutral,0.5971255279172736,1330,False,False
conv-20260610-000066,2026-06-10T19:56:14.309Z,4,[MASKED],Processando sua solicitação sobre sinistro.,sinistro,0.93,neutral,0.47607483375102416,2251,False,False
conv-20260610-000066,2026-06-10T19:56:28.309Z,5,[MASKED],Processando sua solicitação sobre saque_exterior.,saque_exterior,0.94,neutral,0.5041298182447498,2932,False,False
conv-20260616-000067,2026-06-16T20:21:24.309Z,1,[MASKED],Processando sua solicitação sobre transferencia_ted.,transferencia_ted,0.79,positive,0.8170895441440381,2350,True,False
conv-20260616-000067,2026-06-16T20:21:32.309Z,2,[MASKED],Processando sua solicitação sobre transferencia_ted.,transferencia_ted,0.96,positive,0.8765096894721437,602,True,False
conv-20260616-000067,2026-06-16T20:21:46.309Z,3,[MASKED],Processando sua solicitação sobre seguros.,seguros,0.9,positive,0.7170613088068625,1006,False,False
conv-20260616-000067,2026-06-16T20:21:57.309Z,4,[MASKED],Processando sua solicitação sobre cambio.,cambio,0.93,positive,0.8824505557644265,1154,True,False
conv-20260616-000067,2026-06-16T20:22:02.309Z,5,[MASKED],Processando sua solicitação sobre seguros.,seguros,0.93,neutral,0.4892516468298145,710,True,False
conv-20260616-000067,2026-06-16T20:22:07.309Z,6,[MASKED],Processando sua solicitação sobre cotacao_seguro.,cotacao_seguro,0.86,neutral,0.5710822112838063,514,True,False
conv-20260616-000067,2026-06-16T20:22:17.309Z,7,[MASKED],Processando sua solicitação sobre sinistro.,sinistro,0.85,neutral,0.41588098347368324,1388,True,False
conv-20260616-000067,2026-06-16T20:22:28.309Z,8,[MASKED],Cartão bloqueado por segurança.,cartao_bloqueio,0.79,neutral,0.4110127876002742,2783,False,True
conv-20260616-000067,2026-06-16T20:22:41.309Z,9,[MASKED],Processando sua solicitação sobre saque_exterior.,saque_exterior,0.78,positive,0.8987470361266262,2971,True,False
conv-20260630-000068,2026-06-30T19:12:31.309Z,1,[MASKED],Processando sua solicitação sobre previdencia.,previdencia,0.8,neutral,0.4116369174559448,2658,True,False
conv-20260630-000068,2026-06-30T19:12:45.309Z,2,[MASKED],Processando sua solicitação sobre cambio.,cambio,0.88,neutral,0.5990048671115102,1676,False,False
conv-20260630-000068,2026-06-30T19:12:57.309Z,3,[MASKED],Processando sua solicitação sobre saque_exterior.,saque_exterior,0.87,neutral,0.43598144633123825,2533,True,False
conv-20260630-000068,2026-06-30T19:13:03.309Z,4,[MASKED],Seu saldo atual é R$ 41090.00.,saldo,0.93,positive,0.7414661672704881,984,False,False
conv-20260630-000068,2026-06-30T19:13:11.309Z,5,[MASKED],Processando sua solicitação sobre limite.,limite,0.9,neutral,0.5380034123087327,2795,False,False
conv-20260630-000068,2026-06-30T19:13:18.309Z,6,[MASKED],Processando sua solicitação sobre cartao_desbloqueio.,cartao_desbloqueio,0.91,neutral,0.46827231704600053,2575,True,False
conv-20260630-000069,2026-07-01T02:13:41.309Z,1,[MASKED],Consultando seu extrato dos últimos 30 dias.,extrato,0.98,neutral,0.4560920057307767,1858,True,False
conv-20260630-000069,2026-07-01T02:13:50.309Z,2,[MASKED],Processando sua solicitação sobre previdencia.,previdencia,0.89,neutral,0.5729187381004451,1179,False,False
conv-20260630-000069,2026-07-01T02:13:58.309Z,3,[MASKED],Consultando seu extrato dos últimos 30 dias.,extrato,0.84,neutral,0.565891493783484,1612,False,False
conv-20260630-000069,2026-07-01T02:14:05.309Z,4,[MASKED],Processando sua solicitação sobre seguros.,seguros,0.97,positive,0.7887548185974281,959,True,False
conv-20260630-000069,2026-07-01T02:14:16.309Z,5,[MASKED],Processando sua solicitação sobre resgate.,resgate,0.96,positive,0.7620717417829234,1279,False,False
conv-20260623-000070,2026-06-24T02:43:48.309Z,1,[MASKED],Processando sua solicitação sobre aplicacao.,aplicacao,0.82,positive,0.7638299581002997,1359,False,False
conv-20260623-000070,2026-06-24T02:43:55.309Z,2,[MASKED],Processando sua solicitação sobre resgate.,resgate,0.88,positive,0.7204750585654041,1145,False,False
conv-20260623-000070,2026-06-24T02:44:02.309Z,3,[MASKED],Processando sua solicitação sobre resgate.,resgate,0.82,neutral,0.578448620943336,1660,False,True
conv-20260623-000070,2026-06-24T02:44:12.309Z,4,[MASKED],Consultando seu extrato dos últimos 30 dias.,extrato,0.84,positive,0.8409355187358281,933,False,False
conv-20260623-000070,2026-06-24T02:44:19.309Z,5,[MASKED],Processando sua solicitação sobre fatura.,fatura,0.77,neutral,0.5845567982729419,1311,False,False
conv-20260623-000070,2026-06-24T02:44:23.309Z,6,[MASKED],Processando sua solicitação sobre transferencia_ted.,transferencia_ted,0.92,neutral,0.493079312846878,898,True,False
conv-20260629-000071,2026-06-30T03:02:33.309Z,1,[MASKED],Processando sua solicitação sobre cambio.,cambio,0.86,neutral,0.518107191344264,2777,True,False
conv-20260629-000071,2026-06-30T03:02:44.309Z,2,[MASKED],Processando sua solicitação sobre seguros.,seguros,0.95,positive,0.818194039808435,2475,False,False
conv-20260629-000071,2026-06-30T03:02:52.309Z,3,[MASKED],Processando sua solicitação sobre previdencia.,previdencia,0.93,positive,0.8423817643138591,1467,False,False
conv-20260612-000072,2026-06-12T21:46:11.309Z,1,[MASKED],Você possui R$ 76750.00 investidos.,investimentos,0.86,positive,0.7411323363803578,2676,False,False
conv-20260612-000072,2026-06-12T21:46:26.309Z,2,[MASKED],Processando sua solicitação sobre cartao_desbloqueio.,cartao_desbloqueio,0.89,neutral,0.5222981512344206,2280,False,False
conv-20260612-000072,2026-06-12T21:46:33.309Z,3,[MASKED],Consultando seu extrato dos últimos 30 dias.,extrato,0.92,negative,0.26415065672799387,2012,False,False
conv-20260612-000072,2026-06-12T21:46:40.309Z,4,[MASKED],Seu saldo atual é R$ 38776.00.,saldo,0.9,neutral,0.5423547303420151,1463,False,False
conv-20260602-000073,2026-06-03T04:21:11.309Z,1,[MASKED],Transferência PIX realizada com sucesso.,transferencia_pix,0.86,negative,0.1848249369145185,2975,False,False
conv-20260602-000073,2026-06-03T04:21:17.309Z,2,[MASKED],Processando sua solicitação sobre seguros.,seguros,0.95,neutral,0.4473499934556037,2239,False,False
conv-20260602-000073,2026-06-03T04:21:28.309Z,3,[MASKED],Processando sua solicitação sobre saque_exterior.,saque_exterior,0.87,positive,0.7737157197492784,2003,False,False
conv-20260602-000073,2026-06-03T04:21:32.309Z,4,[MASKED],Processando sua solicitação sobre resgate.,resgate,0.86,negative,0.11564692038797852,2656,True,False
conv-20260602-000073,2026-06-03T04:21:45.309Z,5,[MASKED],Você possui R$ 81352.00 investidos.,investimentos,0.76,neutral,0.46870923420046756,2708,True,False
conv-20260602-000073,2026-06-03T04:21:56.309Z,6,[MASKED],Transferência PIX realizada com sucesso.,transferencia_pix,0.98,neutral,0.5596446444013983,2850,False,False
conv-20260602-000073,2026-06-03T04:22:10.309Z,7,[MASKED],Processando sua solicitação sobre cambio.,cambio,0.76,neutral,0.4946321063908057,1745,True,False
conv-20260602-000073,2026-06-03T04:22:23.309Z,8,[MASKED],Processando sua solicitação sobre cartao_desbloqueio.,cartao_desbloqueio,0.87,positive,0.8702890512105269,611,False,False
conv-20260623-000074,2026-06-24T06:38:11.309Z,1,[MASKED],Cartão bloqueado por segurança.,cartao_bloqueio,0.97,negative,0.13083005970360967,1904,False,False
conv-20260623-000074,2026-06-24T06:38:20.309Z,2,[MASKED],Processando sua solicitação sobre emprestimo_simulacao.,emprestimo_simulacao,0.79,neutral,0.5155514787649529,1474,False,False
conv-20260623-000074,2026-06-24T06:38:35.309Z,3,[MASKED],Processando sua solicitação sobre aplicacao.,aplicacao,0.82,positive,0.8492301090780672,715,True,False
conv-20260623-000074,2026-06-24T06:38:49.309Z,4,[MASKED],Processando sua solicitação sobre emprestimo_simulacao.,emprestimo_simulacao,0.75,positive,0.8854445052106814,2443,False,False
conv-20260623-000074,2026-06-24T06:38:57.309Z,5,[MASKED],Processando sua solicitação sobre pagamento_boleto.,pagamento_boleto,0.83,positive,0.8688478565689711,668,False,False
conv-20260623-000074,2026-06-24T06:39:04.309Z,6,[MASKED],Processando sua solicitação sobre aplicacao.,aplicacao,0.94,neutral,0.5498181823518826,1545,True,False
conv-20260623-000074,2026-06-24T06:39:17.309Z,7,[MASKED],Processando sua solicitação sobre seguros.,seguros,0.95,neutral,0.40239228220470064,1783,True,False
conv-20260623-000074,2026-06-24T06:39:30.309Z,8,[MASKED],Processando sua solicitação sobre transferencia_ted.,transferencia_ted,0.8,positive,0.7047400945714075,1939,True,True
conv-20260623-000074,2026-06-24T06:39:42.309Z,9,[MASKED],Processando sua solicitação sobre aplicacao.,aplicacao,0.84,positive,0.8527715532480139,991,True,False
conv-20260623-000074,2026-06-24T06:39:56.309Z,10,[MASKED],Processando sua solicitação sobre seguros.,seguros,0.9,positive,0.8845390781689396,1537,False,False
conv-20260614-000075,2026-06-14T22:05:33.309Z,1,[MASKED],Cartão bloqueado por segurança.,cartao_bloqueio,0.78,positive,0.8537414646614396,2108,True,False
conv-20260614-000075,2026-06-14T22:05:37.309Z,2,[MASKED],Processando sua solicitação sobre transferencia_ted.,transferencia_ted,0.89,positive,0.7501192700523692,1560,False,False
conv-20260614-000075,2026-06-14T22:05:42.309Z,3,[MASKED],Seu saldo atual é R$ 17561.00.,saldo,0.92,neutral,0.5809235086907899,654,True,False
conv-20260614-000075,2026-06-14T22:05:57.309Z,4,[MASKED],Transferência PIX realizada com sucesso.,transferencia_pix,0.88,neutral,0.4006614720589278,2458,False,False
conv-20260614-000075,2026-06-14T22:06:08.309Z,5,[MASKED],Processando sua solicitação sobre limite.,limite,0.9,neutral,0.5917647773728884,1865,True,False
conv-20260630-000076,2026-06-30T19:50:36.309Z,1,[MASKED],Transferência PIX realizada com sucesso.,transferencia_pix,0.87,positive,0.712598526168971,1290,False,False
conv-20260630-000076,2026-06-30T19:50:51.309Z,2,[MASKED],Processando sua solicitação sobre transferencia_ted.,transferencia_ted,0.94,positive,0.7085629066906987,567,True,False
conv-20260630-000076,2026-06-30T19:51:04.309Z,3,[MASKED],Processando sua solicitação sobre pagamento_boleto.,pagamento_boleto,0.93,negative,0.14659713197472068,2377,True,True
conv-20260630-000076,2026-06-30T19:51:14.309Z,4,[MASKED],Seu saldo atual é R$ 40625.00.,saldo,0.81,negative,0.2297572838225033,2430,True,False
conv-20260612-000077,2026-06-13T06:07:45.309Z,1,[MASKED],Processando sua solicitação sobre fatura.,fatura,0.79,positive,0.7739854686758038,994,True,False
conv-20260612-000077,2026-06-13T06:07:57.309Z,2,[MASKED],Consultando seu extrato dos últimos 30 dias.,extrato,0.84,positive,0.731550732278273,1046,False,True
conv-20260612-000077,2026-06-13T06:08:02.309Z,3,[MASKED],Você possui R$ 91898.00 investidos.,investimentos,0.94,neutral,0.5545125417053886,2931,True,False
conv-20260612-000077,2026-06-13T06:08:15.309Z,4,[MASKED],Cartão bloqueado por segurança.,cartao_bloqueio,0.9,neutral,0.40752424239556784,2642,True,False
conv-20260612-000077,2026-06-13T06:08:27.309Z,5,[MASKED],Você possui R$ 74100.00 investidos.,investimentos,0.81,positive,0.7235015645423584,1733,True,False
conv-20260612-000077,2026-06-13T06:08:42.309Z,6,[MASKED],Processando sua solicitação sobre previdencia.,previdencia,0.8,positive,0.710613803854166,2578,True,False
conv-20260612-000077,2026-06-13T06:08:55.309Z,7,[MASKED],Transferência PIX realizada com sucesso.,transferencia_pix,0.76,positive,0.7728386138157018,2537,True,False
conv-20260630-000078,2026-06-30T21:41:44.309Z,1,[MASKED],Processando sua solicitação sobre emprestimo_contratacao.,emprestimo_contratacao,0.96,positive,0.7751064775755483,1432,True,False
conv-20260630-000078,2026-06-30T21:41:47.309Z,2,[MASKED],Processando sua solicitação sobre emprestimo_contratacao.,emprestimo_contratacao,0.79,positive,0.7746970163828204,1093,False,False
conv-20260630-000078,2026-06-30T21:42:00.309Z,3,[MASKED],Processando sua solicitação sobre limite.,limite,0.92,positive,0.7119303439268532,1604,True,False
conv-20260621-000079,2026-06-22T00:48:36.309Z,1,[MASKED],Você possui R$ 97492.00 investidos.,investimentos,0.96,positive,0.749566288780117,1643,False,False
conv-20260621-000079,2026-06-22T00:48:48.309Z,2,[MASKED],Processando sua solicitação sobre resgate.,resgate,0.76,neutral,0.4941305260859077,2849,True,False
conv-20260621-000079,2026-06-22T00:48:57.309Z,3,[MASKED],Transferência PIX realizada com sucesso.,transferencia_pix,0.88,neutral,0.402484598298609,901,False,False
conv-20260621-000079,2026-06-22T00:49:02.309Z,4,[MASKED],Processando sua solicitação sobre limite.,limite,0.87,positive,0.7609673204448861,1711,False,False
conv-20260621-000079,2026-06-22T00:49:16.309Z,5,[MASKED],Processando sua solicitação sobre saque_exterior.,saque_exterior,0.96,negative,0.1810720744504716,599,False,False
conv-20260621-000079,2026-06-22T00:49:30.309Z,6,[MASKED],Seu saldo atual é R$ 45369.00.,saldo,0.88,positive,0.7593179962424967,789,False,False
conv-20260621-000079,2026-06-22T00:49:42.309Z,7,[MASKED],Processando sua solicitação sobre previdencia.,previdencia,0.9,neutral,0.467138935231806,2856,True,False
conv-20260621-000079,2026-06-22T00:49:55.309Z,8,[MASKED],Processando sua solicitação sobre limite.,limite,0.9,positive,0.773114228794624,711,True,False
conv-20260621-000079,2026-06-22T00:50:09.309Z,9,[MASKED],Você possui R$ 19141.00 investidos.,investimentos,0.99,neutral,0.44772654107158455,2796,True,False
conv-20260604-000080,2026-06-05T02:47:12.309Z,1,[MASKED],Processando sua solicitação sobre pagamento_boleto.,pagamento_boleto,0.8,neutral,0.5767957962421687,2007,True,True
conv-20260604-000080,2026-06-05T02:47:19.309Z,2,[MASKED],Você possui R$ 92367.00 investidos.,investimentos,0.79,positive,0.7300996137782829,947,True,False
conv-20260604-000080,2026-06-05T02:47:32.309Z,3,[MASKED],Seu saldo atual é R$ 44821.00.,saldo,0.97,neutral,0.4947809835474197,1700,False,False
conv-20260604-000080,2026-06-05T02:47:45.309Z,4,[MASKED],Seu saldo atual é R$ 1544.00.,saldo,0.95,positive,0.803924096591282,1694,False,False
conv-20260604-000080,2026-06-05T02:47:53.309Z,5,[MASKED],Processando sua solicitação sobre fatura.,fatura,0.95,neutral,0.4890512607365952,2491,False,False
conv-20260604-000080,2026-06-05T02:48:08.309Z,6,[MASKED],Processando sua solicitação sobre cartao_desbloqueio.,cartao_desbloqueio,0.84,neutral,0.4576292585875835,1203,True,False
conv-20260604-000080,2026-06-05T02:48:15.309Z,7,[MASKED],Processando sua solicitação sobre transferencia_ted.,transferencia_ted,0.88,neutral,0.4364561020928712,1181,True,False
conv-20260604-000080,2026-06-05T02:48:29.309Z,8,[MASKED],Processando sua solicitação sobre resgate.,resgate,0.89,positive,0.788177727550875,1160,False,False
conv-20260604-000080,2026-06-05T02:48:40.309Z,9,[MASKED],Consultando seu extrato dos últimos 30 dias.,extrato,0.86,negative,0.29509313577800633,1798,False,False
conv-20260611-000081,2026-06-12T05:53:06.309Z,1,[MASKED],Processando sua solicitação sobre saque_exterior.,saque_exterior,0.88,negative,0.16161644015430748,2461,False,False
conv-20260611-000081,2026-06-12T05:53:12.309Z,2,[MASKED],Processando sua solicitação sobre transferencia_ted.,transferencia_ted,0.9,positive,0.8166862883067636,1963,True,False
conv-20260611-000081,2026-06-12T05:53:27.309Z,3,[MASKED],Cartão bloqueado por segurança.,cartao_bloqueio,0.91,positive,0.891524739693667,1301,False,False
conv-20260613-000082,2026-06-13T23:13:35.309Z,1,[MASKED],Processando sua solicitação sobre limite.,limite,0.94,neutral,0.594072134640401,2202,False,False
conv-20260613-000082,2026-06-13T23:13:44.309Z,2,[MASKED],Processando sua solicitação sobre resgate.,resgate,0.82,neutral,0.5976764855794994,2905,False,False
conv-20260613-000082,2026-06-13T23:13:48.309Z,3,[MASKED],Seu saldo atual é R$ 18012.00.,saldo,0.79,neutral,0.4924239929173097,2177,True,False
conv-20260613-000082,2026-06-13T23:13:57.309Z,4,[MASKED],Processando sua solicitação sobre cartao_desbloqueio.,cartao_desbloqueio,0.82,neutral,0.5118562113342524,2768,False,False
conv-20260613-000082,2026-06-13T23:14:12.309Z,5,[MASKED],Seu saldo atual é R$ 42079.00.,saldo,0.86,positive,0.8307625944404504,1130,False,False
conv-20260613-000082,2026-06-13T23:14:22.309Z,6,[MASKED],Processando sua solicitação sobre sinistro.,sinistro,0.99,positive,0.7133449652774503,616,False,False
conv-20260613-000082,2026-06-13T23:14:34.309Z,7,[MASKED],Processando sua solicitação sobre emprestimo_contratacao.,emprestimo_contratacao,0.95,neutral,0.4746404431946961,1556,True,False
conv-20260613-000082,2026-06-13T23:14:39.309Z,8,[MASKED],Processando sua solicitação sobre saque_exterior.,saque_exterior,0.78,positive,0.7326617703629856,739,False,False
conv-20260613-000082,2026-06-13T23:14:52.309Z,9,[MASKED],Processando sua solicitação sobre limite.,limite,0.97,positive,0.8027732986119611,699,True,False
conv-20260624-000083,2026-06-24T18:02:35.309Z,1,[MASKED],Processando sua solicitação sobre resgate.,resgate,0.8,negative,0.20067657861279473,1893,True,False
conv-20260624-000083,2026-06-24T18:02:46.309Z,2,[MASKED],Processando sua solicitação sobre cambio.,cambio,0.92,neutral,0.5605160565882426,2653,False,False
conv-20260624-000083,2026-06-24T18:02:50.309Z,3,[MASKED],Processando sua solicitação sobre aplicacao.,aplicacao,0.82,negative,0.17251371314974723,1037,False,False
conv-20260624-000083,2026-06-24T18:03:02.309Z,4,[MASKED],Processando sua solicitação sobre pagamento_boleto.,pagamento_boleto,0.93,positive,0.7237193781470624,1901,True,False
conv-20260624-000083,2026-06-24T18:03:07.309Z,5,[MASKED],Processando sua solicitação sobre sinistro.,sinistro,0.85,positive,0.8526047375560251,1759,True,False
conv-20260624-000083,2026-06-24T18:03:22.309Z,6,[MASKED],Processando sua solicitação sobre emprestimo_contratacao.,emprestimo_contratacao,0.87,positive,0.7118530474142467,674,True,False
conv-20260624-000083,2026-06-24T18:03:25.309Z,7,[MASKED],Você possui R$ 13648.00 investidos.,investimentos,0.94,neutral,0.5840196141627312,1735,True,False
conv-20260624-000083,2026-06-24T18:03:31.309Z,8,[MASKED],Processando sua solicitação sobre seguros.,seguros,0.98,positive,0.8897583210166564,1939,False,False
conv-20260624-000083,2026-06-24T18:03:42.309Z,9,[MASKED],Processando sua solicitação sobre cambio.,cambio,0.95,neutral,0.5526488065927987,1490,True,False
conv-20260629-000084,2026-06-30T04:00:10.309Z,1,[MASKED],Processando sua solicitação sobre transferencia_ted.,transferencia_ted,0.78,positive,0.7220632322426551,2606,True,False
conv-20260629-000084,2026-06-30T04:00:18.309Z,2,[MASKED],Processando sua solicitação sobre cartao_desbloqueio.,cartao_desbloqueio,0.87,neutral,0.47695622337402616,2782,False,False
conv-20260629-000084,2026-06-30T04:00:25.309Z,3,[MASKED],Processando sua solicitação sobre transferencia_ted.,transferencia_ted,0.8,neutral,0.41392183139138616,1425,False,False
conv-20260629-000084,2026-06-30T04:00:33.309Z,4,[MASKED],Processando sua solicitação sobre seguros.,seguros,0.78,negative,0.18761167008081434,552,True,False
conv-20260629-000084,2026-06-30T04:00:42.309Z,5,[MASKED],Processando sua solicitação sobre emprestimo_simulacao.,emprestimo_simulacao,0.77,negative,0.29504149883849384,2918,False,False
conv-20260629-000084,2026-06-30T04:00:51.309Z,6,[MASKED],Processando sua solicitação sobre aplicacao.,aplicacao,0.82,neutral,0.5426987614720644,1453,False,False
conv-20260629-000084,2026-06-30T04:01:06.309Z,7,[MASKED],Processando sua solicitação sobre emprestimo_simulacao.,emprestimo_simulacao,0.99,neutral,0.5022829030139605,1958,True,False
conv-20260629-000084,2026-06-30T04:01:10.309Z,8,[MASKED],Processando sua solicitação sobre aplicacao.,aplicacao,0.98,neutral,0.4059447036677649,1526,True,False
conv-20260608-000085,2026-06-08T22:28:23.309Z,1,[MASKED],Processando sua solicitação sobre pagamento_boleto.,pagamento_boleto,0.86,positive,0.7071962237847742,987,True,False
conv-20260608-000085,2026-06-08T22:28:38.309Z,2,[MASKED],Processando sua solicitação sobre cartao_desbloqueio.,cartao_desbloqueio,0.92,neutral,0.49749098533989655,1172,True,False
conv-20260623-000086,2026-06-23T17:55:38.309Z,1,[MASKED],Processando sua solicitação sobre fatura.,fatura,0.84,positive,0.78562963805369,2891,False,False
conv-20260623-000086,2026-06-23T17:55:41.309Z,2,[MASKED],Processando sua solicitação sobre sinistro.,sinistro,0.77,positive,0.8375982523940507,1514,False,False
conv-20260623-000086,2026-06-23T17:55:46.309Z,3,[MASKED],Seu saldo atual é R$ 30306.00.,saldo,0.96,positive,0.813609880976021,2705,False,False
conv-20260623-000086,2026-06-23T17:56:00.309Z,4,[MASKED],Transferência PIX realizada com sucesso.,transferencia_pix,0.89,positive,0.7644842737503926,2908,True,False
conv-20260623-000086,2026-06-23T17:56:04.309Z,5,[MASKED],Processando sua solicitação sobre cotacao_seguro.,cotacao_seguro,0.79,neutral,0.45990417951842294,1876,False,False
conv-20260623-000086,2026-06-23T17:56:17.309Z,6,[MASKED],Você possui R$ 7230.00 investidos.,investimentos,0.82,positive,0.8147041386396101,2694,True,False
conv-20260623-000086,2026-06-23T17:56:21.309Z,7,[MASKED],Processando sua solicitação sobre saque_exterior.,saque_exterior,0.89,neutral,0.5062127314139431,888,False,False
conv-20260607-000087,2026-06-08T01:07:50.309Z,1,[MASKED],Processando sua solicitação sobre saque_exterior.,saque_exterior,0.76,negative,0.14012960547845763,2276,False,False
conv-20260607-000087,2026-06-08T01:07:55.309Z,2,[MASKED],Processando sua solicitação sobre cartao_desbloqueio.,cartao_desbloqueio,0.8,neutral,0.48248767594536357,2283,False,False
conv-20260607-000087,2026-06-08T01:08:02.309Z,3,[MASKED],Processando sua solicitação sobre cambio.,cambio,0.8,neutral,0.44911732196367493,1467,False,False
conv-20260607-000087,2026-06-08T01:08:13.309Z,4,[MASKED],Processando sua solicitação sobre emprestimo_contratacao.,emprestimo_contratacao,0.79,neutral,0.42728612576297204,2228,False,False
conv-20260607-000087,2026-06-08T01:08:20.309Z,5,[MASKED],Processando sua solicitação sobre previdencia.,previdencia,0.87,neutral,0.4039817483057488,1220,True,False
conv-20260607-000087,2026-06-08T01:08:27.309Z,6,[MASKED],Você possui R$ 87170.00 investidos.,investimentos,0.96,neutral,0.47937901011580547,2167,True,False
conv-20260607-000087,2026-06-08T01:08:39.309Z,7,[MASKED],Processando sua solicitação sobre pagamento_boleto.,pagamento_boleto,0.81,neutral,0.5769129724655282,994,True,False
conv-20260607-000087,2026-06-08T01:08:54.309Z,8,[MASKED],Processando sua solicitação sobre fatura.,fatura,0.94,neutral,0.5487917948304684,1848,False,False
conv-20260607-000087,2026-06-08T01:08:58.309Z,9,[MASKED],Processando sua solicitação sobre seguros.,seguros,0.81,negative,0.21789618887890191,1376,False,False
conv-20260607-000087,2026-06-08T01:09:12.309Z,10,[MASKED],Processando sua solicitação sobre aplicacao.,aplicacao,0.81,neutral,0.4555467529288434,1796,True,False
conv-20260627-000088,2026-06-28T02:18:18.309Z,1,[MASKED],Cartão bloqueado por segurança.,cartao_bloqueio,0.82,positive,0.8872644809226807,2312,True,False
conv-20260627-000088,2026-06-28T02:18:23.309Z,2,[MASKED],Processando sua solicitação sobre transferencia_ted.,transferencia_ted,0.94,neutral,0.4548073051369855,1799,True,False
conv-20260627-000088,2026-06-28T02:18:33.309Z,3,[MASKED],Transferência PIX realizada com sucesso.,transferencia_pix,0.85,negative,0.28370923969185546,2191,True,False
conv-20260627-000088,2026-06-28T02:18:47.309Z,4,[MASKED],Cartão bloqueado por segurança.,cartao_bloqueio,0.93,positive,0.8095455463793658,2573,False,False
conv-20260627-000088,2026-06-28T02:18:50.309Z,5,[MASKED],Consultando seu extrato dos últimos 30 dias.,extrato,0.75,neutral,0.4400150636260156,1252,False,False
conv-20260627-000088,2026-06-28T02:18:54.309Z,6,[MASKED],Processando sua solicitação sobre aplicacao.,aplicacao,0.93,positive,0.8693920859605315,1146,False,False
conv-20260627-000088,2026-06-28T02:19:02.309Z,7,[MASKED],Processando sua solicitação sobre transferencia_ted.,transferencia_ted,0.79,neutral,0.5186040831011066,2459,False,False
conv-20260627-000088,2026-06-28T02:19:08.309Z,8,[MASKED],Você possui R$ 50456.00 investidos.,investimentos,0.98,positive,0.876868286088691,2197,True,True
conv-20260627-000088,2026-06-28T02:19:19.309Z,9,[MASKED],Processando sua solicitação sobre cambio.,cambio,0.81,negative,0.2703661742340862,1436,True,False
conv-20260627-000088,2026-06-28T02:19:28.309Z,10,[MASKED],Processando sua solicitação sobre cambio.,cambio,0.98,positive,0.723470103761725,1565,False,False
conv-20260610-000089,2026-06-11T00:48:15.309Z,1,[MASKED],Processando sua solicitação sobre resgate.,resgate,0.82,neutral,0.4523598927788222,1238,False,False
conv-20260610-000089,2026-06-11T00:48:23.309Z,2,[MASKED],Processando sua solicitação sobre saque_exterior.,saque_exterior,0.96,positive,0.8948798353866094,2376,False,False
conv-20260610-000089,2026-06-11T00:48:37.309Z,3,[MASKED],Processando sua solicitação sobre emprestimo_simulacao.,emprestimo_simulacao,0.77,neutral,0.4117504627289066,2233,False,False
conv-20260610-000089,2026-06-11T00:48:47.309Z,4,[MASKED],Processando sua solicitação sobre limite.,limite,0.93,negative,0.10910237432325032,2983,False,False
conv-20260610-000089,2026-06-11T00:48:56.309Z,5,[MASKED],Processando sua solicitação sobre cartao_desbloqueio.,cartao_desbloqueio,0.76,neutral,0.4358744446341569,2116,True,False
conv-20260625-000090,2026-06-26T03:47:46.309Z,1,[MASKED],Cartão bloqueado por segurança.,cartao_bloqueio,0.88,neutral,0.5845705608389071,1792,False,True
conv-20260625-000090,2026-06-26T03:47:49.309Z,2,[MASKED],Processando sua solicitação sobre sinistro.,sinistro,0.92,positive,0.787285973304546,1250,False,False
conv-20260625-000090,2026-06-26T03:48:03.309Z,3,[MASKED],Processando sua solicitação sobre previdencia.,previdencia,0.96,neutral,0.424730846806771,2487,True,False
conv-20260625-000090,2026-06-26T03:48:10.309Z,4,[MASKED],Processando sua solicitação sobre seguros.,seguros,0.96,neutral,0.5171354803627672,1189,True,False
conv-20260625-000090,2026-06-26T03:48:22.309Z,5,[MASKED],Processando sua solicitação sobre seguros.,seguros,0.91,negative,0.27747353960373666,2205,True,False
conv-20260625-000090,2026-06-26T03:48:35.309Z,6,[MASKED],Processando sua solicitação sobre aplicacao.,aplicacao,0.79,positive,0.7162126473489898,2114,False,False
conv-20260625-000090,2026-06-26T03:48:42.309Z,7,[MASKED],Processando sua solicitação sobre cambio.,cambio,0.9,positive,0.7906203990055851,523,True,False
conv-20260625-000090,2026-06-26T03:48:45.309Z,8,[MASKED],Processando sua solicitação sobre cartao_desbloqueio.,cartao_desbloqueio,0.88,neutral,0.5204583054503663,1823,True,False
conv-20260611-000091,2026-06-12T05:46:04.309Z,1,[MASKED],Processando sua solicitação sobre emprestimo_contratacao.,emprestimo_contratacao,0.87,neutral,0.5770826077283763,893,False,False
conv-20260611-000091,2026-06-12T05:46:16.309Z,2,[MASKED],Processando sua solicitação sobre emprestimo_contratacao.,emprestimo_contratacao,0.79,neutral,0.5261372512966649,869,True,False
conv-20260611-000091,2026-06-12T05:46:26.309Z,3,[MASKED],Processando sua solicitação sobre sinistro.,sinistro,0.91,negative,0.11679402037069651,1135,False,False
conv-20260611-000091,2026-06-12T05:46:41.309Z,4,[MASKED],Transferência PIX realizada com sucesso.,transferencia_pix,0.97,positive,0.8683075908551418,1730,False,False
conv-20260611-000091,2026-06-12T05:46:44.309Z,5,[MASKED],Processando sua solicitação sobre previdencia.,previdencia,0.87,negative,0.18260388090384658,813,False,False
conv-20260611-000091,2026-06-12T05:46:56.309Z,6,[MASKED],Cartão bloqueado por segurança.,cartao_bloqueio,0.75,positive,0.8481032336675798,1955,False,False
conv-20260611-000091,2026-06-12T05:47:01.309Z,7,[MASKED],Processando sua solicitação sobre emprestimo_simulacao.,emprestimo_simulacao,0.83,positive,0.8448189369663569,685,False,False
conv-20260615-000092,2026-06-15T20:35:30.309Z,1,[MASKED],Seu saldo atual é R$ 45339.00.,saldo,0.84,neutral,0.46053133172934524,1977,True,False
conv-20260615-000092,2026-06-15T20:35:36.309Z,2,[MASKED],Processando sua solicitação sobre aplicacao.,aplicacao,0.8,neutral,0.5297246443408045,565,True,False
conv-20260615-000092,2026-06-15T20:35:49.309Z,3,[MASKED],Processando sua solicitação sobre previdencia.,previdencia,0.86,positive,0.7043633656449002,1281,True,False
conv-20260615-000092,2026-06-15T20:36:03.309Z,4,[MASKED],Processando sua solicitação sobre transferencia_ted.,transferencia_ted,0.81,neutral,0.45896628136847983,2486,False,True
conv-20260615-000092,2026-06-15T20:36:07.309Z,5,[MASKED],Processando sua solicitação sobre emprestimo_contratacao.,emprestimo_contratacao,0.89,neutral,0.5108609050497805,2202,False,False
conv-20260615-000092,2026-06-15T20:36:17.309Z,6,[MASKED],Processando sua solicitação sobre pagamento_boleto.,pagamento_boleto,0.81,neutral,0.41214093644665006,2920,True,False
conv-20260615-000092,2026-06-15T20:36:25.309Z,7,[MASKED],Processando sua solicitação sobre previdencia.,previdencia,0.96,positive,0.7233881480914188,760,False,False
conv-20260615-000092,2026-06-15T20:36:34.309Z,8,[MASKED],Seu saldo atual é R$ 12696.00.,saldo,0.83,positive,0.7464206226283848,1160,True,False
conv-20260615-000092,2026-06-15T20:36:47.309Z,9,[MASKED],Processando sua solicitação sobre fatura.,fatura,0.86,neutral,0.576634678681782,2966,False,False
conv-20260607-000093,2026-06-08T06:20:35.309Z,1,[MASKED],Processando sua solicitação sobre aplicacao.,aplicacao,0.84,negative,0.13172109302090823,692,True,False
conv-20260607-000093,2026-06-08T06:20:43.309Z,2,[MASKED],Processando sua solicitação sobre emprestimo_contratacao.,emprestimo_contratacao,0.8,neutral,0.4515644282008153,966,False,False
conv-20260607-000093,2026-06-08T06:20:58.309Z,3,[MASKED],Consultando seu extrato dos últimos 30 dias.,extrato,0.96,positive,0.8208578969083516,2781,True,False
conv-20260607-000093,2026-06-08T06:21:08.309Z,4,[MASKED],Processando sua solicitação sobre transferencia_ted.,transferencia_ted,0.94,negative,0.2894766987888039,954,True,False
conv-20260607-000093,2026-06-08T06:21:13.309Z,5,[MASKED],Processando sua solicitação sobre aplicacao.,aplicacao,0.82,negative,0.18830358201558095,1341,False,False
conv-20260609-000094,2026-06-09T22:17:43.309Z,1,[MASKED],Você possui R$ 19087.00 investidos.,investimentos,0.94,neutral,0.4826818837493957,2669,False,False
conv-20260609-000094,2026-06-09T22:17:54.309Z,2,[MASKED],Processando sua solicitação sobre limite.,limite,0.94,neutral,0.5887285680615622,621,True,False
conv-20260609-000094,2026-06-09T22:18:03.309Z,3,[MASKED],Processando sua solicitação sobre seguros.,seguros,0.91,positive,0.828293150888312,2277,True,False
conv-20260609-000094,2026-06-09T22:18:17.309Z,4,[MASKED],Processando sua solicitação sobre pagamento_boleto.,pagamento_boleto,0.88,neutral,0.4608646045946345,1711,False,False
conv-20260609-000094,2026-06-09T22:18:20.309Z,5,[MASKED],Cartão bloqueado por segurança.,cartao_bloqueio,0.85,neutral,0.528775869615575,2661,False,False
conv-20260618-000095,2026-06-18T23:42:48.309Z,1,[MASKED],Processando sua solicitação sobre pagamento_boleto.,pagamento_boleto,0.92,neutral,0.5973909400482097,2711,True,False
conv-20260618-000095,2026-06-18T23:42:56.309Z,2,[MASKED],Cartão bloqueado por segurança.,cartao_bloqueio,0.98,positive,0.7897473771839755,2578,True,False
conv-20260606-000096,2026-06-06T23:27:34.309Z,1,[MASKED],Processando sua solicitação sobre aplicacao.,aplicacao,0.77,neutral,0.48497734649257257,1100,True,False
conv-20260606-000096,2026-06-06T23:27:44.309Z,2,[MASKED],Você possui R$ 78101.00 investidos.,investimentos,0.88,neutral,0.5557649439495541,2012,False,False
conv-20260606-000096,2026-06-06T23:27:57.309Z,3,[MASKED],Processando sua solicitação sobre emprestimo_contratacao.,emprestimo_contratacao,0.98,neutral,0.5647623660606783,2302,True,False
conv-20260606-000096,2026-06-06T23:28:07.309Z,4,[MASKED],Processando sua solicitação sobre transferencia_ted.,transferencia_ted,0.78,negative,0.14252850779210385,1029,False,True
conv-20260606-000096,2026-06-06T23:28:18.309Z,5,[MASKED],Processando sua solicitação sobre limite.,limite,0.78,neutral,0.5143529508852818,986,True,False
conv-20260606-000096,2026-06-06T23:28:22.309Z,6,[MASKED],Processando sua solicitação sobre limite.,limite,0.87,negative,0.2582407402140936,1748,True,False
conv-20260606-000096,2026-06-06T23:28:31.309Z,7,[MASKED],Consultando seu extrato dos últimos 30 dias.,extrato,0.95,neutral,0.4977587312491026,1749,True,False
conv-20260606-000096,2026-06-06T23:28:35.309Z,8,[MASKED],Consultando seu extrato dos últimos 30 dias.,extrato,0.86,neutral,0.46756464955411753,2210,False,False
conv-20260606-000096,2026-06-06T23:28:49.309Z,9,[MASKED],Processando sua solicitação sobre cambio.,cambio,0.86,neutral,0.4899858782697033,1043,False,False
conv-20260622-000097,2026-06-22T19:06:38.309Z,1,[MASKED],Processando sua solicitação sobre previdencia.,previdencia,0.91,neutral,0.5063718872960559,2449,True,False
conv-20260622-000097,2026-06-22T19:06:44.309Z,2,[MASKED],Processando sua solicitação sobre sinistro.,sinistro,0.83,neutral,0.5177786052897329,2873,False,False
conv-20260622-000097,2026-06-22T19:06:47.309Z,3,[MASKED],Processando sua solicitação sobre fatura.,fatura,0.83,positive,0.7514355586335437,2290,True,False
conv-20260622-000097,2026-06-22T19:06:58.309Z,4,[MASKED],Processando sua solicitação sobre seguros.,seguros,0.79,positive,0.8904329455007262,1668,True,False
conv-20260622-000097,2026-06-22T19:07:03.309Z,5,[MASKED],Seu saldo atual é R$ 6571.00.,saldo,0.78,positive,0.8786022042098907,739,False,False
conv-20260622-000097,2026-06-22T19:07:07.309Z,6,[MASKED],Consultando seu extrato dos últimos 30 dias.,extrato,0.81,positive,0.8017242547160238,1329,False,False
conv-20260622-000097,2026-06-22T19:07:14.309Z,7,[MASKED],Consultando seu extrato dos últimos 30 dias.,extrato,0.87,neutral,0.48149875794878794,1803,True,False
conv-20260622-000097,2026-06-22T19:07:17.309Z,8,[MASKED],Cartão bloqueado por segurança.,cartao_bloqueio,0.81,negative,0.21094149001173812,2769,True,False
conv-20260622-000097,2026-06-22T19:07:26.309Z,9,[MASKED],Processando sua solicitação sobre transferencia_ted.,transferencia_ted,0.94,neutral,0.4284734060962576,843,True,False
conv-20260622-000097,2026-06-22T19:07:37.309Z,10,[MASKED],Processando sua solicitação sobre emprestimo_contratacao.,emprestimo_contratacao,0.98,neutral,0.5241459835905573,2773,True,False
conv-20260611-000098,2026-06-11T19:19:44.309Z,1,[MASKED],Processando sua solicitação sobre cartao_desbloqueio.,cartao_desbloqueio,0.96,positive,0.889081693206184,2269,False,False
conv-20260611-000098,2026-06-11T19:19:58.309Z,2,[MASKED],Processando sua solicitação sobre transferencia_ted.,transferencia_ted,0.8,positive,0.8917985358827021,1618,False,True
conv-20260611-000098,2026-06-11T19:20:11.309Z,3,[MASKED],Seu saldo atual é R$ 727.00.,saldo,0.79,neutral,0.5111581309069219,2993,False,False
conv-20260611-000098,2026-06-11T19:20:22.309Z,4,[MASKED],Você possui R$ 59350.00 investidos.,investimentos,0.91,neutral,0.4705989464700803,817,False,False
conv-20260611-000098,2026-06-11T19:20:30.309Z,5,[MASKED],Processando sua solicitação sobre emprestimo_simulacao.,emprestimo_simulacao,0.78,neutral,0.47409612824953773,1225,True,False
conv-20260611-000098,2026-06-11T19:20:36.309Z,6,[MASKED],Seu saldo atual é R$ 46577.00.,saldo,0.8,neutral,0.563256164809231,1651,False,False
conv-20260611-000098,2026-06-11T19:20:42.309Z,7,[MASKED],Processando sua solicitação sobre sinistro.,sinistro,0.87,negative,0.24080954001392127,2522,True,False
conv-20260611-000098,2026-06-11T19:20:46.309Z,8,[MASKED],Cartão bloqueado por segurança.,cartao_bloqueio,0.8,neutral,0.547762965508859,2831,True,True
conv-20260611-000098,2026-06-11T19:21:00.309Z,9,[MASKED],Você possui R$ 30879.00 investidos.,investimentos,0.96,positive,0.8457797732684802,1021,False,False
conv-20260611-000098,2026-06-11T19:21:13.309Z,10,[MASKED],Seu saldo atual é R$ 44709.00.,saldo,0.96,neutral,0.4003909929661309,2682,False,False
conv-20260701-000099,2026-07-02T00:06:28.309Z,1,[MASKED],Seu saldo atual é R$ 16482.00.,saldo,0.79,negative,0.16216117152995485,2235,True,False
conv-20260701-000099,2026-07-02T00:06:43.309Z,2,[MASKED],Seu saldo atual é R$ 22008.00.,saldo,0.81,neutral,0.49471530502790095,2927,False,False
conv-20260701-000099,2026-07-02T00:06:51.309Z,3,[MASKED],Processando sua solicitação sobre pagamento_boleto.,pagamento_boleto,0.86,negative,0.1191341498871874,1469,False,False
conv-20260701-000099,2026-07-02T00:06:55.309Z,4,[MASKED],Consultando seu extrato dos últimos 30 dias.,extrato,0.94,positive,0.7124004467116531,636,False,False
conv-20260701-000099,2026-07-02T00:06:59.309Z,5,[MASKED],Processando sua solicitação sobre aplicacao.,aplicacao,0.85,neutral,0.5234603952645709,728,False,False
conv-20260612-000100,2026-06-12T21:00:11.309Z,1,[MASKED],Processando sua solicitação sobre saque_exterior.,saque_exterior,0.85,neutral,0.5449246073079868,1016,False,False
conv-20260612-000100,2026-06-12T21:00:16.309Z,2,[MASKED],Consultando seu extrato dos últimos 30 dias.,extrato,0.87,positive,0.8303409960186089,747,False,False
conv-20260612-000100,2026-06-12T21:00:27.309Z,3,[MASKED],Processando sua solicitação sobre resgate.,resgate,0.82,neutral,0.5940542116881636,1103,True,True
conv-20260612-000100,2026-06-12T21:00:36.309Z,4,[MASKED],Processando sua solicitação sobre limite.,limite,0.94,negative,0.16831038473450477,1300,False,False
conv-20260612-000100,2026-06-12T21:00:46.309Z,5,[MASKED],Processando sua solicitação sobre cambio.,cambio,0.9,neutral,0.4837390576729462,1856,True,False
conv-20260627-000101,2026-06-27T22:54:01.309Z,1,[MASKED],Seu saldo atual é R$ 12840.00.,saldo,0.89,positive,0.8531065469382841,1083,True,False
conv-20260627-000101,2026-06-27T22:54:07.309Z,2,[MASKED],Processando sua solicitação sobre cotacao_seguro.,cotacao_seguro,0.79,positive,0.8695068367637768,1663,True,False
conv-20260627-000101,2026-06-27T22:54:10.309Z,3,[MASKED],Processando sua solicitação sobre seguros.,seguros,0.78,negative,0.23097383944304894,1572,True,False
conv-20260627-000101,2026-06-27T22:54:16.309Z,4,[MASKED],Processando sua solicitação sobre cartao_desbloqueio.,cartao_desbloqueio,0.79,positive,0.8053853481666772,2368,False,False
conv-20260627-000101,2026-06-27T22:54:20.309Z,5,[MASKED],Processando sua solicitação sobre aplicacao.,aplicacao,0.8,neutral,0.47563910587780756,1091,False,False
conv-20260627-000101,2026-06-27T22:54:29.309Z,6,[MASKED],Processando sua solicitação sobre sinistro.,sinistro,0.96,neutral,0.45883654920695394,689,True,False
conv-20260627-000101,2026-06-27T22:54:32.309Z,7,[MASKED],Cartão bloqueado por segurança.,cartao_bloqueio,0.8,neutral,0.41628154037097875,1017,False,False
conv-20260627-000101,2026-06-27T22:54:44.309Z,8,[MASKED],Você possui R$ 85550.00 investidos.,investimentos,0.93,neutral,0.4748532183447298,1185,False,False
conv-20260627-000101,2026-06-27T22:54:58.309Z,9,[MASKED],Processando sua solicitação sobre limite.,limite,0.86,neutral,0.5162373369946273,2652,True,False
conv-20260627-000101,2026-06-27T22:55:04.309Z,10,[MASKED],Processando sua solicitação sobre transferencia_ted.,transferencia_ted,0.96,positive,0.8142740773517033,1460,False,False
conv-20260612-000102,2026-06-12T21:10:41.309Z,1,[MASKED],Processando sua solicitação sobre transferencia_ted.,transferencia_ted,0.94,neutral,0.5853211838420356,2555,True,False
conv-20260612-000102,2026-06-12T21:10:49.309Z,2,[MASKED],Consultando seu extrato dos últimos 30 dias.,extrato,0.83,positive,0.7605431165474823,2736,False,False
conv-20260612-000102,2026-06-12T21:11:01.309Z,3,[MASKED],Processando sua solicitação sobre resgate.,resgate,0.82,negative,0.16932647195924558,2724,False,False
conv-20260618-000103,2026-06-19T05:59:19.309Z,1,[MASKED],Processando sua solicitação sobre fatura.,fatura,0.84,neutral,0.5155016897227618,2296,True,False
conv-20260618-000103,2026-06-19T05:59:33.309Z,2,[MASKED],Seu saldo atual é R$ 23343.00.,saldo,0.8,neutral,0.4851438696470302,2547,False,False
conv-20260618-000103,2026-06-19T05:59:47.309Z,3,[MASKED],Processando sua solicitação sobre previdencia.,previdencia,0.94,positive,0.8844288381027203,1727,True,False
conv-20260618-000103,2026-06-19T05:59:55.309Z,4,[MASKED],Processando sua solicitação sobre saque_exterior.,saque_exterior,0.99,negative,0.14084092370970946,2969,False,False
conv-20260618-000103,2026-06-19T06:00:01.309Z,5,[MASKED],Transferência PIX realizada com sucesso.,transferencia_pix,0.96,positive,0.7186483013204092,944,True,False
conv-20260618-000103,2026-06-19T06:00:06.309Z,6,[MASKED],Consultando seu extrato dos últimos 30 dias.,extrato,0.77,neutral,0.5925989112047764,2971,False,False
conv-20260618-000103,2026-06-19T06:00:13.309Z,7,[MASKED],Processando sua solicitação sobre pagamento_boleto.,pagamento_boleto,0.75,neutral,0.4653544140751769,786,False,False
conv-20260618-000103,2026-06-19T06:00:17.309Z,8,[MASKED],Processando sua solicitação sobre resgate.,resgate,0.84,neutral,0.5807175008441501,2697,True,False
conv-20260606-000104,2026-06-07T06:09:36.309Z,1,[MASKED],Processando sua solicitação sobre cambio.,cambio,0.91,positive,0.8837791732792656,2859,False,False
conv-20260606-000104,2026-06-07T06:09:50.309Z,2,[MASKED],Processando sua solicitação sobre cartao_desbloqueio.,cartao_desbloqueio,0.81,neutral,0.579992924061025,2101,False,False
conv-20260606-000104,2026-06-07T06:10:03.309Z,3,[MASKED],Processando sua solicitação sobre seguros.,seguros,0.81,positive,0.8741079183786098,2829,False,False
conv-20260606-000104,2026-06-07T06:10:14.309Z,4,[MASKED],Processando sua solicitação sobre cartao_desbloqueio.,cartao_desbloqueio,0.97,neutral,0.4822556316739167,773,True,False
conv-20260606-000104,2026-06-07T06:10:18.309Z,5,[MASKED],Processando sua solicitação sobre aplicacao.,aplicacao,0.86,neutral,0.4505533236375035,2566,True,False
conv-20260606-000104,2026-06-07T06:10:22.309Z,6,[MASKED],Processando sua solicitação sobre transferencia_ted.,transferencia_ted,0.85,positive,0.7021474722781863,2061,True,False
conv-20260606-000104,2026-06-07T06:10:27.309Z,7,[MASKED],Processando sua solicitação sobre fatura.,fatura,0.88,neutral,0.4484587218069755,2401,False,False
conv-20260606-000104,2026-06-07T06:10:34.309Z,8,[MASKED],Processando sua solicitação sobre seguros.,seguros,0.79,neutral,0.4248302765706984,1198,False,False
conv-20260606-000104,2026-06-07T06:10:47.309Z,9,[MASKED],Seu saldo atual é R$ 23567.00.,saldo,0.8,positive,0.706888969082665,1619,True,False
conv-20260602-000105,2026-06-02T21:37:50.309Z,1,[MASKED],Processando sua solicitação sobre fatura.,fatura,0.87,neutral,0.5631248672710977,1187,False,False
conv-20260602-000105,2026-06-02T21:37:56.309Z,2,[MASKED],Processando sua solicitação sobre cambio.,cambio,0.78,negative,0.14275599733872013,1348,False,False
conv-20260602-000105,2026-06-02T21:37:59.309Z,3,[MASKED],Processando sua solicitação sobre emprestimo_simulacao.,emprestimo_simulacao,0.8,positive,0.8315923404918386,1795,False,False
conv-20260612-000106,2026-06-12T20:34:49.309Z,1,[MASKED],Processando sua solicitação sobre fatura.,fatura,0.84,neutral,0.5281183909502833,572,True,False
conv-20260612-000106,2026-06-12T20:35:03.309Z,2,[MASKED],Seu saldo atual é R$ 49837.00.,saldo,0.82,positive,0.8475826567836074,1452,True,False
conv-20260612-000106,2026-06-12T20:35:06.309Z,3,[MASKED],Processando sua solicitação sobre resgate.,resgate,0.84,neutral,0.5284077793924611,2034,True,False
conv-20260603-000107,2026-06-03T21:48:45.309Z,1,[MASKED],Seu saldo atual é R$ 43681.00.,saldo,0.94,positive,0.8392556096904014,2709,True,False
conv-20260603-000107,2026-06-03T21:48:54.309Z,2,[MASKED],Processando sua solicitação sobre pagamento_boleto.,pagamento_boleto,0.77,positive,0.7983284578770174,1817,True,True
conv-20260603-000107,2026-06-03T21:49:00.309Z,3,[MASKED],Processando sua solicitação sobre resgate.,resgate,0.81,positive,0.7156329027209279,875,False,False
conv-20260603-000107,2026-06-03T21:49:14.309Z,4,[MASKED],Processando sua solicitação sobre cotacao_seguro.,cotacao_seguro,0.82,neutral,0.5152843660835492,1503,True,False
conv-20260603-000107,2026-06-03T21:49:29.309Z,5,[MASKED],Transferência PIX realizada com sucesso.,transferencia_pix,0.84,negative,0.19414269691910754,827,False,False
conv-20260607-000108,2026-06-07T22:18:33.309Z,1,[MASKED],Processando sua solicitação sobre transferencia_ted.,transferencia_ted,0.75,positive,0.8001399617349635,2422,False,False
conv-20260607-000108,2026-06-07T22:18:42.309Z,2,[MASKED],Processando sua solicitação sobre emprestimo_simulacao.,emprestimo_simulacao,0.99,positive,0.7142468711864763,2028,True,False
conv-20260607-000108,2026-06-07T22:18:46.309Z,3,[MASKED],Processando sua solicitação sobre emprestimo_simulacao.,emprestimo_simulacao,0.94,positive,0.850315481010445,2816,False,False
conv-20260607-000108,2026-06-07T22:18:56.309Z,4,[MASKED],Processando sua solicitação sobre limite.,limite,0.81,neutral,0.4955451116480046,736,False,False
conv-20260607-000108,2026-06-07T22:19:09.309Z,5,[MASKED],Seu saldo atual é R$ 29949.00.,saldo,0.79,positive,0.7494829604061684,1105,True,True
conv-20260607-000108,2026-06-07T22:19:22.309Z,6,[MASKED],Processando sua solicitação sobre emprestimo_simulacao.,emprestimo_simulacao,0.97,neutral,0.5752012333615792,2128,True,False
conv-20260607-000108,2026-06-07T22:19:29.309Z,7,[MASKED],Processando sua solicitação sobre cartao_desbloqueio.,cartao_desbloqueio,0.89,negative,0.24678668739141374,2550,True,False
conv-20260626-000109,2026-06-26T20:05:26.309Z,1,[MASKED],Processando sua solicitação sobre emprestimo_contratacao.,emprestimo_contratacao,0.89,neutral,0.4425146746421427,1245,True,True
conv-20260626-000109,2026-06-26T20:05:41.309Z,2,[MASKED],Processando sua solicitação sobre cotacao_seguro.,cotacao_seguro,0.9,negative,0.22488429115592756,1562,True,True
conv-20260626-000109,2026-06-26T20:05:50.309Z,3,[MASKED],Processando sua solicitação sobre aplicacao.,aplicacao,0.81,positive,0.7970388705623218,1633,True,False
conv-20260626-000109,2026-06-26T20:06:05.309Z,4,[MASKED],Seu saldo atual é R$ 2843.00.,saldo,0.8,neutral,0.5583573073256939,2885,False,False
conv-20260626-000109,2026-06-26T20:06:20.309Z,5,[MASKED],Cartão bloqueado por segurança.,cartao_bloqueio,0.85,neutral,0.47415702444592117,2490,False,False
conv-20260625-000110,2026-06-25T22:38:53.309Z,1,[MASKED],Processando sua solicitação sobre pagamento_boleto.,pagamento_boleto,0.75,neutral,0.5276146515571283,2446,False,False
conv-20260625-000110,2026-06-25T22:38:56.309Z,2,[MASKED],Processando sua solicitação sobre fatura.,fatura,0.93,positive,0.858792075636043,2319,False,False
conv-20260625-000110,2026-06-25T22:39:06.309Z,3,[MASKED],Processando sua solicitação sobre aplicacao.,aplicacao,0.78,positive,0.8040108857694775,2076,True,False
conv-20260625-000110,2026-06-25T22:39:21.309Z,4,[MASKED],Você possui R$ 62184.00 investidos.,investimentos,0.79,neutral,0.48925734006621124,1734,True,False
conv-20260625-000110,2026-06-25T22:39:32.309Z,5,[MASKED],Processando sua solicitação sobre sinistro.,sinistro,0.92,positive,0.7210939354224405,1496,True,False
conv-20260625-000110,2026-06-25T22:39:40.309Z,6,[MASKED],Processando sua solicitação sobre emprestimo_simulacao.,emprestimo_simulacao,0.86,positive,0.8795021767476221,1648,True,False
conv-20260625-000110,2026-06-25T22:39:51.309Z,7,[MASKED],Transferência PIX realizada com sucesso.,transferencia_pix,0.97,neutral,0.553267477339279,870,True,False
conv-20260625-000110,2026-06-25T22:40:00.309Z,8,[MASKED],Processando sua solicitação sobre emprestimo_simulacao.,emprestimo_simulacao,0.8,negative,0.12313799305405691,2801,True,False
conv-20260625-000110,2026-06-25T22:40:08.309Z,9,[MASKED],Processando sua solicitação sobre saque_exterior.,saque_exterior,0.84,neutral,0.5706660618087236,1270,False,False
conv-20260620-000111,2026-06-21T01:14:15.309Z,1,[MASKED],Processando sua solicitação sobre previdencia.,previdencia,0.93,positive,0.8698254939932999,2366,True,False
conv-20260620-000111,2026-06-21T01:14:22.309Z,2,[MASKED],Processando sua solicitação sobre pagamento_boleto.,pagamento_boleto,0.86,positive,0.8657374608750718,1005,False,False
conv-20260620-000111,2026-06-21T01:14:31.309Z,3,[MASKED],Consultando seu extrato dos últimos 30 dias.,extrato,0.95,positive,0.8868865814960282,1864,True,False
conv-20260620-000111,2026-06-21T01:14:34.309Z,4,[MASKED],Processando sua solicitação sobre seguros.,seguros,0.97,neutral,0.43183864502767205,2496,True,False
conv-20260620-000111,2026-06-21T01:14:42.309Z,5,[MASKED],Processando sua solicitação sobre emprestimo_contratacao.,emprestimo_contratacao,0.84,negative,0.2055688868861714,2439,False,False
conv-20260620-000111,2026-06-21T01:14:48.309Z,6,[MASKED],Processando sua solicitação sobre previdencia.,previdencia,0.94,positive,0.873171086318898,2112,True,False
conv-20260620-000111,2026-06-21T01:15:02.309Z,7,[MASKED],Processando sua solicitação sobre cartao_desbloqueio.,cartao_desbloqueio,0.86,neutral,0.49648834361297123,2374,True,False
conv-20260620-000111,2026-06-21T01:15:17.309Z,8,[MASKED],Processando sua solicitação sobre cotacao_seguro.,cotacao_seguro,0.91,positive,0.8976968375719052,537,True,False
conv-20260620-000111,2026-06-21T01:15:26.309Z,9,[MASKED],Processando sua solicitação sobre seguros.,seguros,0.98,positive,0.7234693690840553,730,False,False
conv-20260626-000112,2026-06-27T04:35:25.309Z,1,[MASKED],Cartão bloqueado por segurança.,cartao_bloqueio,0.97,positive,0.7449870080098909,838,False,False
conv-20260626-000112,2026-06-27T04:35:39.309Z,2,[MASKED],Processando sua solicitação sobre aplicacao.,aplicacao,0.92,positive,0.7596726694277274,2928,True,True
conv-20260626-000112,2026-06-27T04:35:53.309Z,3,[MASKED],Processando sua solicitação sobre previdencia.,previdencia,0.84,neutral,0.5634925686365616,1257,False,True
conv-20260608-000113,2026-06-08T19:01:30.309Z,1,[MASKED],Consultando seu extrato dos últimos 30 dias.,extrato,0.81,negative,0.10923325262399704,2232,False,False
conv-20260608-000113,2026-06-08T19:01:40.309Z,2,[MASKED],Processando sua solicitação sobre resgate.,resgate,0.97,neutral,0.5993594323875265,2863,True,False
conv-20260608-000113,2026-06-08T19:01:53.309Z,3,[MASKED],Consultando seu extrato dos últimos 30 dias.,extrato,0.96,positive,0.7430425881705031,1471,True,False
conv-20260608-000113,2026-06-08T19:01:59.309Z,4,[MASKED],Processando sua solicitação sobre saque_exterior.,saque_exterior,0.85,positive,0.8099697221144548,1970,False,False
conv-20260608-000113,2026-06-08T19:02:04.309Z,5,[MASKED],Processando sua solicitação sobre emprestimo_simulacao.,emprestimo_simulacao,0.85,positive,0.8389030741799532,2368,True,False
conv-20260608-000113,2026-06-08T19:02:17.309Z,6,[MASKED],Processando sua solicitação sobre cotacao_seguro.,cotacao_seguro,0.9,neutral,0.48393729451532336,2024,True,False
conv-20260608-000113,2026-06-08T19:02:32.309Z,7,[MASKED],Processando sua solicitação sobre emprestimo_contratacao.,emprestimo_contratacao,0.77,positive,0.7249242447785589,2052,True,False
conv-20260608-000113,2026-06-08T19:02:41.309Z,8,[MASKED],Você possui R$ 44714.00 investidos.,investimentos,0.94,neutral,0.42926592658289575,1849,True,False
conv-20260608-000113,2026-06-08T19:02:45.309Z,9,[MASKED],Processando sua solicitação sobre emprestimo_simulacao.,emprestimo_simulacao,0.79,positive,0.8456654829912066,1410,False,False
conv-20260608-000113,2026-06-08T19:03:00.309Z,10,[MASKED],Transferência PIX realizada com sucesso.,transferencia_pix,0.96,neutral,0.5103084463939874,891,True,False
conv-20260623-000114,2026-06-24T05:34:21.309Z,1,[MASKED],Consultando seu extrato dos últimos 30 dias.,extrato,0.82,negative,0.29052326444948473,2297,True,False
conv-20260623-000114,2026-06-24T05:34:25.309Z,2,[MASKED],Processando sua solicitação sobre cartao_desbloqueio.,cartao_desbloqueio,0.77,neutral,0.5459906060100149,2165,True,False
conv-20260623-000114,2026-06-24T05:34:28.309Z,3,[MASKED],Você possui R$ 2401.00 investidos.,investimentos,0.98,neutral,0.4847967247322694,1670,True,False
conv-20260623-000114,2026-06-24T05:34:39.309Z,4,[MASKED],Processando sua solicitação sobre previdencia.,previdencia,0.97,neutral,0.5491834521402273,1010,False,False
conv-20260623-000114,2026-06-24T05:34:53.309Z,5,[MASKED],Processando sua solicitação sobre limite.,limite,0.91,negative,0.1084711963048183,1500,False,False
conv-20260623-000114,2026-06-24T05:35:06.309Z,6,[MASKED],Processando sua solicitação sobre pagamento_boleto.,pagamento_boleto,0.87,positive,0.8904967204494872,1421,False,False
conv-20260623-000114,2026-06-24T05:35:11.309Z,7,[MASKED],Processando sua solicitação sobre limite.,limite,0.95,positive,0.870155410120508,963,True,False
conv-20260623-000114,2026-06-24T05:35:21.309Z,8,[MASKED],Processando sua solicitação sobre cartao_desbloqueio.,cartao_desbloqueio,0.89,positive,0.743492638950134,1584,False,False
conv-20260623-000114,2026-06-24T05:35:34.309Z,9,[MASKED],Processando sua solicitação sobre pagamento_boleto.,pagamento_boleto,0.76,negative,0.10117822083164787,645,False,False
conv-20260606-000115,2026-06-06T22:17:30.309Z,1,[MASKED],Processando sua solicitação sobre limite.,limite,0.85,positive,0.7718473492318039,2299,True,False
conv-20260606-000115,2026-06-06T22:17:37.309Z,2,[MASKED],Consultando seu extrato dos últimos 30 dias.,extrato,0.97,positive,0.7320625002178622,1047,True,False
conv-20260606-000115,2026-06-06T22:17:50.309Z,3,[MASKED],Cartão bloqueado por segurança.,cartao_bloqueio,0.94,neutral,0.5428641917220265,986,False,False
conv-20260618-000116,2026-06-19T04:47:24.309Z,1,[MASKED],Consultando seu extrato dos últimos 30 dias.,extrato,0.81,positive,0.7304991449851521,1685,True,False
conv-20260618-000116,2026-06-19T04:47:39.309Z,2,[MASKED],Processando sua solicitação sobre aplicacao.,aplicacao,0.95,negative,0.13968249182983164,1579,True,False
conv-20260618-000116,2026-06-19T04:47:50.309Z,3,[MASKED],Processando sua solicitação sobre cambio.,cambio,0.9,positive,0.7458768384463507,1242,True,False
conv-20260618-000116,2026-06-19T04:47:57.309Z,4,[MASKED],Processando sua solicitação sobre cotacao_seguro.,cotacao_seguro,0.77,neutral,0.4101910730903635,1098,False,False
conv-20260618-000116,2026-06-19T04:48:11.309Z,5,[MASKED],Processando sua solicitação sobre sinistro.,sinistro,0.87,positive,0.8287746311003796,1408,False,False
conv-20260618-000116,2026-06-19T04:48:19.309Z,6,[MASKED],Cartão bloqueado por segurança.,cartao_bloqueio,0.96,neutral,0.43635032481087616,1937,True,False
conv-20260618-000116,2026-06-19T04:48:25.309Z,7,[MASKED],Processando sua solicitação sobre cartao_desbloqueio.,cartao_desbloqueio,0.85,positive,0.7504526092832211,2433,False,False
conv-20260618-000116,2026-06-19T04:48:32.309Z,8,[MASKED],Processando sua solicitação sobre aplicacao.,aplicacao,0.93,neutral,0.4260616173315223,896,False,False
conv-20260621-000117,2026-06-22T05:23:04.309Z,1,[MASKED],Processando sua solicitação sobre cotacao_seguro.,cotacao_seguro,0.88,positive,0.7307344705519245,1904,True,False
conv-20260621-000117,2026-06-22T05:23:15.309Z,2,[MASKED],Cartão bloqueado por segurança.,cartao_bloqueio,0.9,negative,0.12348578708000357,2795,False,False
conv-20260621-000117,2026-06-22T05:23:26.309Z,3,[MASKED],Processando sua solicitação sobre pagamento_boleto.,pagamento_boleto,0.98,positive,0.7579312712631304,589,True,False
conv-20260621-000117,2026-06-22T05:23:40.309Z,4,[MASKED],Processando sua solicitação sobre cotacao_seguro.,cotacao_seguro,0.98,neutral,0.43310364401004453,2128,False,False
conv-20260621-000117,2026-06-22T05:23:49.309Z,5,[MASKED],Processando sua solicitação sobre emprestimo_simulacao.,emprestimo_simulacao,0.79,positive,0.7435615444065821,2987,True,False
conv-20260621-000117,2026-06-22T05:24:04.309Z,6,[MASKED],Processando sua solicitação sobre pagamento_boleto.,pagamento_boleto,0.81,neutral,0.5704950157110934,2365,False,False
conv-20260621-000117,2026-06-22T05:24:15.309Z,7,[MASKED],Processando sua solicitação sobre aplicacao.,aplicacao,0.82,positive,0.8279230686249428,1200,False,False
conv-20260621-000117,2026-06-22T05:24:22.309Z,8,[MASKED],Consultando seu extrato dos últimos 30 dias.,extrato,0.78,negative,0.22972910008946346,1519,False,False
conv-20260621-000117,2026-06-22T05:24:36.309Z,9,[MASKED],Processando sua solicitação sobre previdencia.,previdencia,0.82,neutral,0.5970522568483105,1581,True,False
conv-20260621-000117,2026-06-22T05:24:42.309Z,10,[MASKED],Cartão bloqueado por segurança.,cartao_bloqueio,0.91,positive,0.8735963877710492,1223,True,False
conv-20260606-000118,2026-06-06T20:51:33.309Z,1,[MASKED],Processando sua solicitação sobre limite.,limite,0.89,neutral,0.5886710118196606,1257,True,False
conv-20260606-000118,2026-06-06T20:51:36.309Z,2,[MASKED],Processando sua solicitação sobre cartao_desbloqueio.,cartao_desbloqueio,0.9,neutral,0.41389082393575066,1167,True,False
conv-20260606-000118,2026-06-06T20:51:46.309Z,3,[MASKED],Processando sua solicitação sobre emprestimo_simulacao.,emprestimo_simulacao,0.93,neutral,0.40235770583643543,910,True,False
conv-20260606-000118,2026-06-06T20:51:49.309Z,4,[MASKED],Processando sua solicitação sobre aplicacao.,aplicacao,0.78,neutral,0.5540235252433949,555,False,False
conv-20260611-000119,2026-06-12T02:38:13.309Z,1,[MASKED],Consultando seu extrato dos últimos 30 dias.,extrato,0.96,neutral,0.48305693438922614,921,True,False
conv-20260611-000119,2026-06-12T02:38:16.309Z,2,[MASKED],Processando sua solicitação sobre sinistro.,sinistro,0.82,positive,0.8843381835207196,2249,False,False
conv-20260630-000120,2026-07-01T02:15:44.309Z,1,[MASKED],Processando sua solicitação sobre emprestimo_contratacao.,emprestimo_contratacao,0.96,neutral,0.4542186556998407,1735,False,False
conv-20260630-000120,2026-07-01T02:15:51.309Z,2,[MASKED],Você possui R$ 86964.00 investidos.,investimentos,0.79,neutral,0.4295560365775221,508,False,False
conv-20260630-000120,2026-07-01T02:16:06.309Z,3,[MASKED],Transferência PIX realizada com sucesso.,transferencia_pix,0.82,positive,0.7180894036934575,775,True,False
conv-20260630-000120,2026-07-01T02:16:15.309Z,4,[MASKED],Processando sua solicitação sobre limite.,limite,0.98,neutral,0.5203486230872595,1807,False,False
conv-20260618-000121,2026-06-18T18:07:57.309Z,1,[MASKED],Processando sua solicitação sobre limite.,limite,0.84,negative,0.2698658240836449,1047,True,False
conv-20260618-000121,2026-06-18T18:08:02.309Z,2,[MASKED],Processando sua solicitação sobre previdencia.,previdencia,0.93,positive,0.7234471618563711,2224,True,False
conv-20260618-000121,2026-06-18T18:08:05.309Z,3,[MASKED],Processando sua solicitação sobre emprestimo_contratacao.,emprestimo_contratacao,0.89,positive,0.795365313943382,2022,True,False
conv-20260618-000121,2026-06-18T18:08:10.309Z,4,[MASKED],Você possui R$ 55590.00 investidos.,investimentos,0.79,positive,0.7364849023070406,1503,True,False
conv-20260618-000121,2026-06-18T18:08:24.309Z,5,[MASKED],Processando sua solicitação sobre cartao_desbloqueio.,cartao_desbloqueio,0.94,neutral,0.5390494048792265,2425,False,False
conv-20260618-000121,2026-06-18T18:08:27.309Z,6,[MASKED],Consultando seu extrato dos últimos 30 dias.,extrato,0.75,neutral,0.5665360188836168,2974,False,False
conv-20260618-000121,2026-06-18T18:08:34.309Z,7,[MASKED],Processando sua solicitação sobre saque_exterior.,saque_exterior,0.97,positive,0.754365521629337,2555,True,False
conv-20260618-000121,2026-06-18T18:08:39.309Z,8,[MASKED],Processando sua solicitação sobre cotacao_seguro.,cotacao_seguro,0.79,neutral,0.549199147486668,2140,True,False
conv-20260618-000121,2026-06-18T18:08:49.309Z,9,[MASKED],Transferência PIX realizada com sucesso.,transferencia_pix,0.79,neutral,0.5606678521208139,1782,False,False
conv-20260618-000121,2026-06-18T18:08:53.309Z,10,[MASKED],Processando sua solicitação sobre aplicacao.,aplicacao,0.81,positive,0.7325520806633948,818,True,True
conv-20260603-000122,2026-06-03T23:42:26.309Z,1,[MASKED],Seu saldo atual é R$ 8588.00.,saldo,0.91,neutral,0.4662636375535824,2100,True,False
conv-20260603-000122,2026-06-03T23:42:41.309Z,2,[MASKED],Processando sua solicitação sobre resgate.,resgate,0.89,neutral,0.5704054192265992,597,False,False
conv-20260603-000122,2026-06-03T23:42:54.309Z,3,[MASKED],Processando sua solicitação sobre transferencia_ted.,transferencia_ted,0.81,neutral,0.44312943936508303,822,True,False
conv-20260603-000122,2026-06-03T23:42:59.309Z,4,[MASKED],Processando sua solicitação sobre pagamento_boleto.,pagamento_boleto,0.88,negative,0.25372724285932674,2614,False,False
conv-20260603-000122,2026-06-03T23:43:07.309Z,5,[MASKED],Processando sua solicitação sobre cartao_desbloqueio.,cartao_desbloqueio,0.96,neutral,0.5548350001616381,1975,False,False
conv-20260603-000122,2026-06-03T23:43:19.309Z,6,[MASKED],Processando sua solicitação sobre cambio.,cambio,0.99,negative,0.11948120862949854,807,True,False
conv-20260603-000122,2026-06-03T23:43:26.309Z,7,[MASKED],Processando sua solicitação sobre previdencia.,previdencia,0.79,neutral,0.45912163579683374,857,True,False
conv-20260605-000123,2026-06-06T00:48:43.309Z,1,[MASKED],Processando sua solicitação sobre emprestimo_simulacao.,emprestimo_simulacao,0.87,positive,0.7525654865464697,1784,True,False
conv-20260605-000123,2026-06-06T00:48:56.309Z,2,[MASKED],Consultando seu extrato dos últimos 30 dias.,extrato,0.79,neutral,0.4210596014420101,1502,False,False
conv-20260605-000123,2026-06-06T00:49:05.309Z,3,[MASKED],Você possui R$ 88706.00 investidos.,investimentos,0.77,positive,0.7931755192108284,1413,False,False
conv-20260605-000123,2026-06-06T00:49:10.309Z,4,[MASKED],Processando sua solicitação sobre aplicacao.,aplicacao,0.83,neutral,0.46345697245362927,2125,False,False
conv-20260605-000123,2026-06-06T00:49:24.309Z,5,[MASKED],Transferência PIX realizada com sucesso.,transferencia_pix,0.79,positive,0.7939935090325979,968,True,False
conv-20260605-000123,2026-06-06T00:49:27.309Z,6,[MASKED],Processando sua solicitação sobre cambio.,cambio,0.98,positive,0.7426841662139856,2057,True,False
conv-20260605-000123,2026-06-06T00:49:42.309Z,7,[MASKED],Processando sua solicitação sobre emprestimo_contratacao.,emprestimo_contratacao,0.78,positive,0.7547810635046192,1605,True,False
conv-20260608-000124,2026-06-09T02:38:57.309Z,1,[MASKED],Transferência PIX realizada com sucesso.,transferencia_pix,0.94,positive,0.8194257277228832,2836,True,False
conv-20260608-000124,2026-06-09T02:39:09.309Z,2,[MASKED],Processando sua solicitação sobre cambio.,cambio,0.95,positive,0.846625324065261,1092,True,False
conv-20260608-000124,2026-06-09T02:39:19.309Z,3,[MASKED],Processando sua solicitação sobre resgate.,resgate,0.85,neutral,0.5041383396421165,2545,True,False
conv-20260608-000124,2026-06-09T02:39:24.309Z,4,[MASKED],Processando sua solicitação sobre transferencia_ted.,transferencia_ted,0.98,positive,0.7840352217800112,2869,True,False
conv-20260608-000124,2026-06-09T02:39:30.309Z,5,[MASKED],Processando sua solicitação sobre limite.,limite,0.98,negative,0.17405128302243256,1359,False,False
conv-20260608-000124,2026-06-09T02:39:41.309Z,6,[MASKED],Processando sua solicitação sobre aplicacao.,aplicacao,0.85,neutral,0.4704422441544918,2544,False,False
conv-20260608-000124,2026-06-09T02:39:56.309Z,7,[MASKED],Processando sua solicitação sobre fatura.,fatura,0.84,negative,0.2105507144255814,964,True,False
conv-20260605-000125,2026-06-06T01:41:52.309Z,1,[MASKED],Processando sua solicitação sobre aplicacao.,aplicacao,0.95,neutral,0.44237422529292014,2880,False,False
conv-20260605-000125,2026-06-06T01:41:56.309Z,2,[MASKED],Processando sua solicitação sobre cotacao_seguro.,cotacao_seguro,0.85,negative,0.2640835950447014,2423,False,False
conv-20260605-000125,2026-06-06T01:42:11.309Z,3,[MASKED],Processando sua solicitação sobre sinistro.,sinistro,0.82,positive,0.880534612827209,2578,False,False
conv-20260605-000125,2026-06-06T01:42:14.309Z,4,[MASKED],Processando sua solicitação sobre emprestimo_contratacao.,emprestimo_contratacao,0.95,positive,0.803792649239353,633,False,False
conv-20260605-000125,2026-06-06T01:42:26.309Z,5,[MASKED],Processando sua solicitação sobre emprestimo_contratacao.,emprestimo_contratacao,0.9,neutral,0.47866354857169074,1490,True,False
conv-20260605-000125,2026-06-06T01:42:38.309Z,6,[MASKED],Processando sua solicitação sobre emprestimo_contratacao.,emprestimo_contratacao,0.79,negative,0.28083427446801207,1027,True,False
conv-20260605-000125,2026-06-06T01:42:42.309Z,7,[MASKED],Processando sua solicitação sobre resgate.,resgate,0.95,positive,0.8254636763284584,2565,False,False
conv-20260605-000125,2026-06-06T01:42:47.309Z,8,[MASKED],Processando sua solicitação sobre fatura.,fatura,0.75,positive,0.8540064462919358,1334,True,True
conv-20260605-000125,2026-06-06T01:42:59.309Z,9,[MASKED],Processando sua solicitação sobre emprestimo_simulacao.,emprestimo_simulacao,0.9,neutral,0.5555179496975562,603,True,False
conv-20260602-000126,2026-06-02T20:12:19.309Z,1,[MASKED],Processando sua solicitação sobre aplicacao.,aplicacao,0.77,negative,0.259088291260536,1980,False,True
conv-20260602-000126,2026-06-02T20:12:25.309Z,2,[MASKED],Processando sua solicitação sobre emprestimo_contratacao.,emprestimo_contratacao,0.94,neutral,0.43596128716879334,2037,True,False
conv-20260602-000126,2026-06-02T20:12:38.309Z,3,[MASKED],Processando sua solicitação sobre saque_exterior.,saque_exterior,0.99,neutral,0.49678219854074124,2984,True,False
conv-20260608-000127,2026-06-08T23:02:14.309Z,1,[MASKED],Seu saldo atual é R$ 6127.00.,saldo,0.92,positive,0.8303849060748829,2472,False,False
conv-20260608-000127,2026-06-08T23:02:24.309Z,2,[MASKED],Processando sua solicitação sobre emprestimo_contratacao.,emprestimo_contratacao,0.79,negative,0.2374114913434323,2599,False,False
conv-20260608-000127,2026-06-08T23:02:28.309Z,3,[MASKED],Processando sua solicitação sobre saque_exterior.,saque_exterior,0.87,positive,0.8765714666935172,2906,False,False
conv-20260608-000127,2026-06-08T23:02:35.309Z,4,[MASKED],Processando sua solicitação sobre fatura.,fatura,0.89,neutral,0.47479209735675854,940,True,False
conv-20260608-000127,2026-06-08T23:02:38.309Z,5,[MASKED],Processando sua solicitação sobre pagamento_boleto.,pagamento_boleto,0.95,neutral,0.5290195941185625,1536,False,False
conv-20260608-000127,2026-06-08T23:02:42.309Z,6,[MASKED],Processando sua solicitação sobre seguros.,seguros,0.81,neutral,0.4430368328943172,1821,False,False
conv-20260611-000128,2026-06-11T22:39:39.309Z,1,[MASKED],Processando sua solicitação sobre previdencia.,previdencia,0.87,positive,0.898051943293833,1811,False,False
conv-20260611-000128,2026-06-11T22:39:49.309Z,2,[MASKED],Processando sua solicitação sobre seguros.,seguros,0.89,positive,0.757007382836694,2963,True,False
conv-20260611-000128,2026-06-11T22:39:56.309Z,3,[MASKED],Processando sua solicitação sobre resgate.,resgate,0.76,positive,0.8289551332835441,2149,True,False
conv-20260611-000128,2026-06-11T22:40:11.309Z,4,[MASKED],Processando sua solicitação sobre emprestimo_contratacao.,emprestimo_contratacao,0.85,positive,0.8112900402763686,1732,False,False
conv-20260611-000128,2026-06-11T22:40:14.309Z,5,[MASKED],Processando sua solicitação sobre emprestimo_simulacao.,emprestimo_simulacao,0.95,neutral,0.5934305055595515,1722,True,False
conv-20260611-000128,2026-06-11T22:40:26.309Z,6,[MASKED],Processando sua solicitação sobre aplicacao.,aplicacao,0.78,positive,0.7645718080720139,619,False,False
conv-20260611-000128,2026-06-11T22:40:30.309Z,7,[MASKED],Processando sua solicitação sobre cotacao_seguro.,cotacao_seguro,0.97,neutral,0.5736029744930431,2010,False,False
conv-20260611-000128,2026-06-11T22:40:33.309Z,8,[MASKED],Processando sua solicitação sobre aplicacao.,aplicacao,0.83,negative,0.22255012659971093,696,False,False
conv-20260618-000129,2026-06-18T23:43:46.309Z,1,[MASKED],Cartão bloqueado por segurança.,cartao_bloqueio,0.95,neutral,0.44847525158447143,1713,True,False
conv-20260618-000129,2026-06-18T23:43:50.309Z,2,[MASKED],Transferência PIX realizada com sucesso.,transferencia_pix,0.86,positive,0.7770120444713793,746,False,False
conv-20260618-000129,2026-06-18T23:43:56.309Z,3,[MASKED],Processando sua solicitação sobre saque_exterior.,saque_exterior,0.92,neutral,0.531057867637275,2661,True,False
conv-20260622-000130,2026-06-22T20:55:53.309Z,1,[MASKED],Processando sua solicitação sobre aplicacao.,aplicacao,0.81,neutral,0.5853855439280037,2450,True,False
conv-20260622-000130,2026-06-22T20:55:59.309Z,2,[MASKED],Processando sua solicitação sobre resgate.,resgate,0.76,neutral,0.454517773344786,2125,True,False
conv-20260622-000130,2026-06-22T20:56:13.309Z,3,[MASKED],Processando sua solicitação sobre emprestimo_contratacao.,emprestimo_contratacao,0.89,positive,0.8059125506988886,1294,False,False
conv-20260622-000130,2026-06-22T20:56:17.309Z,4,[MASKED],Consultando seu extrato dos últimos 30 dias.,extrato,0.76,negative,0.107137591503904,1519,False,False
conv-20260622-000130,2026-06-22T20:56:28.309Z,5,[MASKED],Processando sua solicitação sobre aplicacao.,aplicacao,0.92,positive,0.7783816179527125,1628,True,False
conv-20260622-000130,2026-06-22T20:56:42.309Z,6,[MASKED],Cartão bloqueado por segurança.,cartao_bloqueio,0.9,positive,0.841170669490566,2528,False,False
conv-20260615-000131,2026-06-15T20:37:53.309Z,1,[MASKED],Você possui R$ 62940.00 investidos.,investimentos,0.78,neutral,0.5637852877637607,504,False,False
conv-20260615-000131,2026-06-15T20:38:04.309Z,2,[MASKED],Processando sua solicitação sobre pagamento_boleto.,pagamento_boleto,0.82,neutral,0.5472372924323042,1185,False,False
conv-20260615-000131,2026-06-15T20:38:12.309Z,3,[MASKED],Processando sua solicitação sobre previdencia.,previdencia,0.86,neutral,0.565549895692805,1554,False,False
conv-20260615-000131,2026-06-15T20:38:23.309Z,4,[MASKED],Processando sua solicitação sobre cambio.,cambio,0.92,positive,0.7041454555808013,2483,False,False
conv-20260615-000131,2026-06-15T20:38:36.309Z,5,[MASKED],Processando sua solicitação sobre resgate.,resgate,0.93,neutral,0.5946581176381118,1963,False,False
conv-20260615-000131,2026-06-15T20:38:40.309Z,6,[MASKED],Processando sua solicitação sobre cotacao_seguro.,cotacao_seguro,0.91,neutral,0.5798442764764882,2047,False,False
conv-20260615-000131,2026-06-15T20:38:51.309Z,7,[MASKED],Processando sua solicitação sobre seguros.,seguros,0.84,negative,0.1834588571567334,1586,False,False
conv-20260615-000131,2026-06-15T20:38:54.309Z,8,[MASKED],Processando sua solicitação sobre saque_exterior.,saque_exterior,0.85,neutral,0.4910055347780323,2630,False,False
conv-20260615-000131,2026-06-15T20:38:57.309Z,9,[MASKED],Transferência PIX realizada com sucesso.,transferencia_pix,0.98,neutral,0.5247590267034483,1102,True,False
conv-20260603-000132,2026-06-04T04:43:33.309Z,1,[MASKED],Processando sua solicitação sobre pagamento_boleto.,pagamento_boleto,0.8,neutral,0.4946355535580736,1305,False,False
conv-20260603-000132,2026-06-04T04:43:46.309Z,2,[MASKED],Processando sua solicitação sobre emprestimo_simulacao.,emprestimo_simulacao,0.97,positive,0.8194077585797546,2230,True,False
conv-20260603-000132,2026-06-04T04:43:59.309Z,3,[MASKED],Processando sua solicitação sobre fatura.,fatura,0.78,positive,0.8108567538850355,2868,False,False
conv-20260603-000132,2026-06-04T04:44:06.309Z,4,[MASKED],Processando sua solicitação sobre saque_exterior.,saque_exterior,0.77,neutral,0.5053142792610844,2388,False,False
conv-20260603-000132,2026-06-04T04:44:19.309Z,5,[MASKED],Processando sua solicitação sobre limite.,limite,0.98,positive,0.7922567964012518,2418,True,False
conv-20260603-000132,2026-06-04T04:44:28.309Z,6,[MASKED],Você possui R$ 32804.00 investidos.,investimentos,0.89,neutral,0.47462223042141627,1075,False,False
conv-20260622-000133,2026-06-23T03:24:51.309Z,1,[MASKED],Processando sua solicitação sobre cartao_desbloqueio.,cartao_desbloqueio,0.76,neutral,0.44101288991609816,2894,True,False
conv-20260622-000133,2026-06-23T03:25:01.309Z,2,[MASKED],Processando sua solicitação sobre resgate.,resgate,0.82,neutral,0.46217816579214044,1415,True,False
conv-20260622-000133,2026-06-23T03:25:13.309Z,3,[MASKED],Processando sua solicitação sobre cotacao_seguro.,cotacao_seguro,0.96,positive,0.8039645121944899,969,True,False
conv-20260610-000134,2026-06-10T20:33:59.309Z,1,[MASKED],Processando sua solicitação sobre emprestimo_contratacao.,emprestimo_contratacao,0.86,neutral,0.45800723774649055,2595,True,False
conv-20260610-000134,2026-06-10T20:34:09.309Z,2,[MASKED],Processando sua solicitação sobre limite.,limite,0.86,positive,0.8626987210286156,1627,True,False
conv-20260610-000134,2026-06-10T20:34:13.309Z,3,[MASKED],Processando sua solicitação sobre saque_exterior.,saque_exterior,0.9,positive,0.8786441946881882,2095,False,False
conv-20260610-000134,2026-06-10T20:34:18.309Z,4,[MASKED],Processando sua solicitação sobre transferencia_ted.,transferencia_ted,0.87,positive,0.8722044326412762,2377,True,False
conv-20260610-000134,2026-06-10T20:34:32.309Z,5,[MASKED],Processando sua solicitação sobre pagamento_boleto.,pagamento_boleto,0.79,neutral,0.5311866770970957,2099,False,False
conv-20260622-000135,2026-06-23T04:05:43.309Z,1,[MASKED],Processando sua solicitação sobre cambio.,cambio,0.89,neutral,0.5659772536214797,1827,True,True
conv-20260622-000135,2026-06-23T04:05:49.309Z,2,[MASKED],Processando sua solicitação sobre aplicacao.,aplicacao,0.83,neutral,0.4463069140632874,935,True,False
conv-20260622-000135,2026-06-23T04:05:54.309Z,3,[MASKED],Processando sua solicitação sobre emprestimo_simulacao.,emprestimo_simulacao,0.81,negative,0.10748365498602666,2220,True,False
conv-20260622-000135,2026-06-23T04:06:02.309Z,4,[MASKED],Processando sua solicitação sobre cambio.,cambio,0.92,negative,0.1755257891613493,620,True,False
conv-20260627-000136,2026-06-28T03:29:01.309Z,1,[MASKED],Processando sua solicitação sobre emprestimo_contratacao.,emprestimo_contratacao,0.95,neutral,0.5001700570465715,2663,False,False
conv-20260627-000136,2026-06-28T03:29:12.309Z,2,[MASKED],Processando sua solicitação sobre resgate.,resgate,0.96,neutral,0.5138304845663068,775,True,False
conv-20260627-000136,2026-06-28T03:29:19.309Z,3,[MASKED],Processando sua solicitação sobre aplicacao.,aplicacao,0.88,neutral,0.40450849566462815,983,False,False
conv-20260627-000136,2026-06-28T03:29:26.309Z,4,[MASKED],Processando sua solicitação sobre emprestimo_simulacao.,emprestimo_simulacao,0.77,positive,0.8150711748620845,1965,False,False
conv-20260612-000137,2026-06-13T03:38:55.309Z,1,[MASKED],Processando sua solicitação sobre saque_exterior.,saque_exterior,0.86,neutral,0.4258929152347273,2950,True,False
conv-20260612-000137,2026-06-13T03:39:05.309Z,2,[MASKED],Processando sua solicitação sobre pagamento_boleto.,pagamento_boleto,0.82,neutral,0.5699667004889992,1422,True,True
conv-20260612-000137,2026-06-13T03:39:08.309Z,3,[MASKED],Processando sua solicitação sobre cotacao_seguro.,cotacao_seguro,0.91,neutral,0.4036189728267431,2688,False,False
conv-20260613-000138,2026-06-13T21:08:12.309Z,1,[MASKED],Consultando seu extrato dos últimos 30 dias.,extrato,0.81,neutral,0.41137673121185847,2696,True,False
conv-20260613-000138,2026-06-13T21:08:17.309Z,2,[MASKED],Processando sua solicitação sobre cartao_desbloqueio.,cartao_desbloqueio,0.96,positive,0.8996177618092489,679,True,False
conv-20260613-000138,2026-06-13T21:08:27.309Z,3,[MASKED],Processando sua solicitação sobre aplicacao.,aplicacao,0.87,positive,0.8470437255701793,814,False,False
conv-20260613-000138,2026-06-13T21:08:33.309Z,4,[MASKED],Processando sua solicitação sobre transferencia_ted.,transferencia_ted,0.96,negative,0.14884115834063916,1739,False,False
conv-20260613-000138,2026-06-13T21:08:44.309Z,5,[MASKED],Processando sua solicitação sobre pagamento_boleto.,pagamento_boleto,0.98,positive,0.7972415391799568,927,True,False
conv-20260613-000138,2026-06-13T21:08:49.309Z,6,[MASKED],Processando sua solicitação sobre pagamento_boleto.,pagamento_boleto,0.78,positive,0.8449821514135297,1444,True,True
conv-20260613-000138,2026-06-13T21:09:03.309Z,7,[MASKED],Processando sua solicitação sobre transferencia_ted.,transferencia_ted,0.95,negative,0.1540597144931068,2358,False,False
conv-20260613-000138,2026-06-13T21:09:07.309Z,8,[MASKED],Consultando seu extrato dos últimos 30 dias.,extrato,0.75,neutral,0.47651763615707043,1643,False,True
conv-20260626-000139,2026-06-26T21:42:09.309Z,1,[MASKED],Processando sua solicitação sobre saque_exterior.,saque_exterior,0.98,neutral,0.5864945391982339,733,False,False
conv-20260626-000139,2026-06-26T21:42:20.309Z,2,[MASKED],Processando sua solicitação sobre transferencia_ted.,transferencia_ted,0.81,neutral,0.5920610016305611,2236,False,False
conv-20260626-000139,2026-06-26T21:42:26.309Z,3,[MASKED],Processando sua solicitação sobre resgate.,resgate,0.77,positive,0.7499865230490852,562,False,False
conv-20260626-000139,2026-06-26T21:42:35.309Z,4,[MASKED],Consultando seu extrato dos últimos 30 dias.,extrato,0.94,positive,0.862051899390763,1623,True,False
conv-20260626-000139,2026-06-26T21:42:47.309Z,5,[MASKED],Processando sua solicitação sobre fatura.,fatura,0.75,neutral,0.40177414039736914,1583,True,False
conv-20260626-000139,2026-06-26T21:42:57.309Z,6,[MASKED],Processando sua solicitação sobre previdencia.,previdencia,0.82,neutral,0.5220657043925641,1392,False,False
conv-20260626-000139,2026-06-26T21:43:07.309Z,7,[MASKED],Processando sua solicitação sobre seguros.,seguros,0.96,neutral,0.4254444960168286,1556,True,False
conv-20260626-000139,2026-06-26T21:43:19.309Z,8,[MASKED],Consultando seu extrato dos últimos 30 dias.,extrato,0.91,positive,0.8721140555147959,1453,False,True
conv-20260613-000140,2026-06-13T19:55:26.309Z,1,[MASKED],Processando sua solicitação sobre cartao_desbloqueio.,cartao_desbloqueio,0.76,neutral,0.4736603826949158,2034,False,False
conv-20260613-000140,2026-06-13T19:55:38.309Z,2,[MASKED],Seu saldo atual é R$ 20619.00.,saldo,0.92,neutral,0.5484086834016177,935,False,False
conv-20260613-000140,2026-06-13T19:55:47.309Z,3,[MASKED],Processando sua solicitação sobre saque_exterior.,saque_exterior,0.93,neutral,0.5298424155688956,633,True,False
conv-20260613-000140,2026-06-13T19:55:53.309Z,4,[MASKED],Processando sua solicitação sobre saque_exterior.,saque_exterior,0.93,negative,0.20779347677982696,2562,True,False
conv-20260613-000140,2026-06-13T19:56:04.309Z,5,[MASKED],Consultando seu extrato dos últimos 30 dias.,extrato,0.86,neutral,0.4538365441486591,2986,False,False
conv-20260613-000140,2026-06-13T19:56:12.309Z,6,[MASKED],Processando sua solicitação sobre sinistro.,sinistro,0.98,positive,0.8386146265879966,1982,False,False
conv-20260613-000140,2026-06-13T19:56:21.309Z,7,[MASKED],Processando sua solicitação sobre limite.,limite,0.97,positive,0.8306659854712405,826,True,False
conv-20260613-000140,2026-06-13T19:56:30.309Z,8,[MASKED],Processando sua solicitação sobre sinistro.,sinistro,0.81,neutral,0.5818531474584601,2832,True,False
conv-20260602-000141,2026-06-03T05:53:32.309Z,1,[MASKED],Processando sua solicitação sobre previdencia.,previdencia,0.87,neutral,0.5058619363883481,598,False,False
conv-20260602-000141,2026-06-03T05:53:40.309Z,2,[MASKED],Processando sua solicitação sobre resgate.,resgate,0.82,neutral,0.4673616586587225,2147,False,False
conv-20260625-000142,2026-06-26T05:05:42.309Z,1,[MASKED],Processando sua solicitação sobre resgate.,resgate,0.86,neutral,0.4640873751619265,2931,True,False
conv-20260625-000142,2026-06-26T05:05:54.309Z,2,[MASKED],Cartão bloqueado por segurança.,cartao_bloqueio,0.76,positive,0.8035355283279741,896,False,False
conv-20260625-000142,2026-06-26T05:06:03.309Z,3,[MASKED],Processando sua solicitação sobre fatura.,fatura,0.96,negative,0.24619697661799295,1230,False,False
conv-20260625-000142,2026-06-26T05:06:15.309Z,4,[MASKED],Processando sua solicitação sobre cambio.,cambio,0.78,positive,0.7547697000006374,1787,False,False
conv-20260602-000143,2026-06-03T01:47:52.309Z,1,[MASKED],Seu saldo atual é R$ 29252.00.,saldo,0.78,neutral,0.49076987548908824,2839,True,False
conv-20260602-000143,2026-06-03T01:47:56.309Z,2,[MASKED],Processando sua solicitação sobre transferencia_ted.,transferencia_ted,0.99,neutral,0.5463267485331231,2270,True,False
conv-20260602-000143,2026-06-03T01:48:11.309Z,3,[MASKED],Você possui R$ 21542.00 investidos.,investimentos,0.87,neutral,0.4552216059766174,1411,True,False
conv-20260602-000143,2026-06-03T01:48:19.309Z,4,[MASKED],Consultando seu extrato dos últimos 30 dias.,extrato,0.83,positive,0.8682862081500445,2275,True,False
conv-20260602-000143,2026-06-03T01:48:32.309Z,5,[MASKED],Seu saldo atual é R$ 24755.00.,saldo,0.91,positive,0.7530572093577913,1507,True,False
conv-20260608-000144,2026-06-09T03:07:52.309Z,1,[MASKED],Processando sua solicitação sobre previdencia.,previdencia,0.81,neutral,0.4697407550874845,1577,True,False
conv-20260608-000144,2026-06-09T03:07:58.309Z,2,[MASKED],Processando sua solicitação sobre cartao_desbloqueio.,cartao_desbloqueio,0.89,neutral,0.5086826629652963,2486,False,True
conv-20260608-000144,2026-06-09T03:08:13.309Z,3,[MASKED],Processando sua solicitação sobre cartao_desbloqueio.,cartao_desbloqueio,0.91,negative,0.1231638359668768,2218,False,False
conv-20260608-000144,2026-06-09T03:08:26.309Z,4,[MASKED],Processando sua solicitação sobre aplicacao.,aplicacao,0.94,neutral,0.49674774682539824,1923,False,False
conv-20260608-000144,2026-06-09T03:08:39.309Z,5,[MASKED],Processando sua solicitação sobre sinistro.,sinistro,0.96,positive,0.8565655788913457,618,True,False
conv-20260608-000144,2026-06-09T03:08:47.309Z,6,[MASKED],Cartão bloqueado por segurança.,cartao_bloqueio,0.85,neutral,0.5824737460235259,1800,False,False
conv-20260608-000144,2026-06-09T03:08:53.309Z,7,[MASKED],Processando sua solicitação sobre fatura.,fatura,0.89,positive,0.7333070286154942,686,True,False
conv-20260608-000144,2026-06-09T03:08:57.309Z,8,[MASKED],Processando sua solicitação sobre cambio.,cambio,0.98,positive,0.7042235386407567,1850,False,False
conv-20260609-000145,2026-06-10T00:07:31.309Z,1,[MASKED],Processando sua solicitação sobre fatura.,fatura,0.76,positive,0.7566179443917669,2656,True,False
conv-20260609-000145,2026-06-10T00:07:46.309Z,2,[MASKED],Processando sua solicitação sobre sinistro.,sinistro,0.91,positive,0.7262386378918527,638,False,False
conv-20260608-000146,2026-06-08T22:21:05.309Z,1,[MASKED],Processando sua solicitação sobre emprestimo_simulacao.,emprestimo_simulacao,0.87,positive,0.7764816671866366,2479,False,False
conv-20260608-000146,2026-06-08T22:21:13.309Z,2,[MASKED],Processando sua solicitação sobre previdencia.,previdencia,0.85,neutral,0.44642310954196046,943,False,False
conv-20260608-000146,2026-06-08T22:21:17.309Z,3,[MASKED],Processando sua solicitação sobre cartao_desbloqueio.,cartao_desbloqueio,0.77,positive,0.7338511425371197,1861,False,False
conv-20260608-000146,2026-06-08T22:21:21.309Z,4,[MASKED],Processando sua solicitação sobre resgate.,resgate,0.92,neutral,0.5133278411039436,2151,True,False
conv-20260608-000146,2026-06-08T22:21:28.309Z,5,[MASKED],Processando sua solicitação sobre emprestimo_contratacao.,emprestimo_contratacao,0.83,neutral,0.5130624720435293,1775,False,False
conv-20260608-000146,2026-06-08T22:21:35.309Z,6,[MASKED],Processando sua solicitação sobre cotacao_seguro.,cotacao_seguro,0.83,neutral,0.5304017249282291,2803,False,False
conv-20260608-000146,2026-06-08T22:21:45.309Z,7,[MASKED],Processando sua solicitação sobre pagamento_boleto.,pagamento_boleto,0.97,neutral,0.48514040514715845,2772,True,False
conv-20260608-000146,2026-06-08T22:22:00.309Z,8,[MASKED],Seu saldo atual é R$ 8061.00.,saldo,0.8,neutral,0.5739498346625511,1163,True,False
conv-20260608-000146,2026-06-08T22:22:10.309Z,9,[MASKED],Processando sua solicitação sobre seguros.,seguros,0.85,neutral,0.4018517051588759,2648,True,False
conv-20260608-000146,2026-06-08T22:22:17.309Z,10,[MASKED],Cartão bloqueado por segurança.,cartao_bloqueio,0.91,positive,0.7283035193237615,2640,True,False
conv-20260629-000147,2026-06-29T23:20:07.309Z,1,[MASKED],Seu saldo atual é R$ 13159.00.,saldo,0.77,neutral,0.4917187159225868,1777,True,False
conv-20260629-000147,2026-06-29T23:20:19.309Z,2,[MASKED],Processando sua solicitação sobre seguros.,seguros,0.83,positive,0.7028258978245847,773,True,False
conv-20260629-000147,2026-06-29T23:20:28.309Z,3,[MASKED],Processando sua solicitação sobre saque_exterior.,saque_exterior,0.88,positive,0.8283198709180468,1752,True,True
conv-20260629-000148,2026-06-29T21:00:02.309Z,1,[MASKED],Processando sua solicitação sobre sinistro.,sinistro,0.87,positive,0.7879378042003599,501,False,False
conv-20260629-000148,2026-06-29T21:00:13.309Z,2,[MASKED],Processando sua solicitação sobre aplicacao.,aplicacao,0.92,neutral,0.47099832640850814,1486,False,False
conv-20260629-000148,2026-06-29T21:00:25.309Z,3,[MASKED],Processando sua solicitação sobre cotacao_seguro.,cotacao_seguro,0.78,negative,0.18744864845348277,1180,False,False
conv-20260629-000148,2026-06-29T21:00:40.309Z,4,[MASKED],Cartão bloqueado por segurança.,cartao_bloqueio,0.83,neutral,0.4050591109188474,992,False,False
conv-20260618-000149,2026-06-18T19:52:19.309Z,1,[MASKED],Processando sua solicitação sobre fatura.,fatura,0.99,neutral,0.5408528972462385,1626,False,False
conv-20260618-000149,2026-06-18T19:52:31.309Z,2,[MASKED],Seu saldo atual é R$ 41534.00.,saldo,0.87,negative,0.19468968324353694,2428,True,True
conv-20260618-000149,2026-06-18T19:52:43.309Z,3,[MASKED],Processando sua solicitação sobre resgate.,resgate,0.85,neutral,0.5691606270066303,1224,True,False
conv-20260618-000149,2026-06-18T19:52:57.309Z,4,[MASKED],Consultando seu extrato dos últimos 30 dias.,extrato,0.99,positive,0.7388364756928463,1787,True,False
conv-20260618-000149,2026-06-18T19:53:10.309Z,5,[MASKED],Processando sua solicitação sobre fatura.,fatura,0.98,negative,0.20326808991159678,1193,False,False
conv-20260618-000149,2026-06-18T19:53:23.309Z,6,[MASKED],Consultando seu extrato dos últimos 30 dias.,extrato,0.79,positive,0.7533271850406658,766,True,False
conv-20260604-000150,2026-06-05T04:59:19.309Z,1,[MASKED],Processando sua solicitação sobre seguros.,seguros,0.77,positive,0.8448553531516154,542,True,False
conv-20260604-000150,2026-06-05T04:59:32.309Z,2,[MASKED],Processando sua solicitação sobre cotacao_seguro.,cotacao_seguro,0.82,positive,0.7557926791018637,1043,False,False
conv-20260604-000150,2026-06-05T04:59:38.309Z,3,[MASKED],Cartão bloqueado por segurança.,cartao_bloqueio,0.92,positive,0.7529090286678256,1316,False,False
conv-20260604-000150,2026-06-05T04:59:46.309Z,4,[MASKED],Processando sua solicitação sobre limite.,limite,0.95,neutral,0.40734621874938176,2642,False,False
conv-20260604-000151,2026-06-04T18:53:05.309Z,1,[MASKED],Cartão bloqueado por segurança.,cartao_bloqueio,0.84,neutral,0.5176781563479824,2413,True,False
conv-20260604-000151,2026-06-04T18:53:09.309Z,2,[MASKED],Processando sua solicitação sobre limite.,limite,0.83,positive,0.8805959747734781,532,True,False
conv-20260604-000151,2026-06-04T18:53:16.309Z,3,[MASKED],Processando sua solicitação sobre seguros.,seguros,0.86,neutral,0.5233224652058567,2412,False,False
conv-20260604-000151,2026-06-04T18:53:26.309Z,4,[MASKED],Processando sua solicitação sobre sinistro.,sinistro,0.87,neutral,0.48023062095071867,1534,True,False
conv-20260604-000151,2026-06-04T18:53:32.309Z,5,[MASKED],Processando sua solicitação sobre pagamento_boleto.,pagamento_boleto,0.85,neutral,0.405711034184733,941,True,False
conv-20260604-000151,2026-06-04T18:53:44.309Z,6,[MASKED],Processando sua solicitação sobre pagamento_boleto.,pagamento_boleto,0.78,negative,0.2326812838511871,1312,True,False
conv-20260604-000151,2026-06-04T18:53:51.309Z,7,[MASKED],Processando sua solicitação sobre resgate.,resgate,0.75,neutral,0.4294982019072868,1917,True,False
conv-20260604-000151,2026-06-04T18:53:55.309Z,8,[MASKED],Processando sua solicitação sobre seguros.,seguros,0.92,neutral,0.4308275873731279,1467,False,True
conv-20260604-000151,2026-06-04T18:54:03.309Z,9,[MASKED],Processando sua solicitação sobre aplicacao.,aplicacao,0.8,neutral,0.4944611902064634,2428,False,False
conv-20260630-000152,2026-07-01T00:28:03.309Z,1,[MASKED],Processando sua solicitação sobre cambio.,cambio,0.84,positive,0.8002911863077256,2992,True,False
conv-20260630-000152,2026-07-01T00:28:18.309Z,2,[MASKED],Processando sua solicitação sobre emprestimo_simulacao.,emprestimo_simulacao,0.8,neutral,0.442246468815115,816,False,False
conv-20260628-000153,2026-06-29T04:40:07.309Z,1,[MASKED],Processando sua solicitação sobre limite.,limite,0.86,neutral,0.4972278768626112,1027,False,False
conv-20260628-000153,2026-06-29T04:40:10.309Z,2,[MASKED],Processando sua solicitação sobre cartao_desbloqueio.,cartao_desbloqueio,0.89,positive,0.8604836790386005,2240,False,False
conv-20260628-000153,2026-06-29T04:40:25.309Z,3,[MASKED],Transferência PIX realizada com sucesso.,transferencia_pix,0.94,neutral,0.5961469015837686,1872,False,False
conv-20260628-000153,2026-06-29T04:40:29.309Z,4,[MASKED],Processando sua solicitação sobre resgate.,resgate,0.81,positive,0.8029792574239301,528,False,False
conv-20260607-000154,2026-06-07T23:13:47.309Z,1,[MASKED],Processando sua solicitação sobre transferencia_ted.,transferencia_ted,0.79,neutral,0.5069970400550553,649,True,False
conv-20260607-000154,2026-06-07T23:14:00.309Z,2,[MASKED],Transferência PIX realizada com sucesso.,transferencia_pix,0.92,neutral,0.44882014083679783,2265,False,False
conv-20260607-000154,2026-06-07T23:14:08.309Z,3,[MASKED],Consultando seu extrato dos últimos 30 dias.,extrato,0.94,neutral,0.4202245434849158,1101,True,False
conv-20260607-000154,2026-06-07T23:14:21.309Z,4,[MASKED],Processando sua solicitação sobre cartao_desbloqueio.,cartao_desbloqueio,0.81,neutral,0.5305790867547466,2230,True,False
conv-20260607-000154,2026-06-07T23:14:30.309Z,5,[MASKED],Processando sua solicitação sobre aplicacao.,aplicacao,0.87,neutral,0.5708487298991136,1284,True,False
conv-20260607-000154,2026-06-07T23:14:33.309Z,6,[MASKED],Processando sua solicitação sobre limite.,limite,0.82,neutral,0.5377726566468313,2848,True,False
conv-20260607-000154,2026-06-07T23:14:46.309Z,7,[MASKED],Consultando seu extrato dos últimos 30 dias.,extrato,0.82,positive,0.7010102099287254,2976,True,False
conv-20260611-000155,2026-06-12T00:25:00.309Z,1,[MASKED],Processando sua solicitação sobre previdencia.,previdencia,0.96,neutral,0.49979492904340833,1918,True,False
conv-20260611-000155,2026-06-12T00:25:07.309Z,2,[MASKED],Processando sua solicitação sobre emprestimo_simulacao.,emprestimo_simulacao,0.9,neutral,0.5122651472463416,632,False,False
conv-20260611-000155,2026-06-12T00:25:14.309Z,3,[MASKED],Processando sua solicitação sobre cartao_desbloqueio.,cartao_desbloqueio,0.79,neutral,0.5169873776536201,1791,False,False
conv-20260611-000155,2026-06-12T00:25:23.309Z,4,[MASKED],Seu saldo atual é R$ 32262.00.,saldo,0.84,neutral,0.5075185420091411,1662,False,False
conv-20260611-000155,2026-06-12T00:25:27.309Z,5,[MASKED],Processando sua solicitação sobre aplicacao.,aplicacao,0.82,positive,0.8729786577211582,2120,False,False
conv-20260611-000155,2026-06-12T00:25:35.309Z,6,[MASKED],Processando sua solicitação sobre cotacao_seguro.,cotacao_seguro,0.93,negative,0.22605513201004085,2212,False,False
conv-20260611-000155,2026-06-12T00:25:46.309Z,7,[MASKED],Processando sua solicitação sobre emprestimo_simulacao.,emprestimo_simulacao,0.82,neutral,0.5849100656054257,1422,True,False
conv-20260614-000156,2026-06-15T03:55:36.309Z,1,[MASKED],Processando sua solicitação sobre cotacao_seguro.,cotacao_seguro,0.83,neutral,0.4499881508446617,2955,False,False
conv-20260614-000156,2026-06-15T03:55:44.309Z,2,[MASKED],Seu saldo atual é R$ 42968.00.,saldo,0.88,neutral,0.5726876544848555,2963,True,False
conv-20260614-000156,2026-06-15T03:55:58.309Z,3,[MASKED],Processando sua solicitação sobre sinistro.,sinistro,0.83,neutral,0.45859638313176154,1217,True,False
conv-20260614-000156,2026-06-15T03:56:08.309Z,4,[MASKED],Processando sua solicitação sobre transferencia_ted.,transferencia_ted,0.94,neutral,0.5945610574802849,1503,True,False
conv-20260614-000156,2026-06-15T03:56:16.309Z,5,[MASKED],Processando sua solicitação sobre seguros.,seguros,0.93,neutral,0.536404719467271,1502,False,False
conv-20260614-000156,2026-06-15T03:56:26.309Z,6,[MASKED],Processando sua solicitação sobre emprestimo_simulacao.,emprestimo_simulacao,0.88,neutral,0.5431589704403229,788,True,False
conv-20260614-000156,2026-06-15T03:56:40.309Z,7,[MASKED],Consultando seu extrato dos últimos 30 dias.,extrato,0.84,neutral,0.5433249248972385,1699,False,False
conv-20260614-000156,2026-06-15T03:56:44.309Z,8,[MASKED],Processando sua solicitação sobre aplicacao.,aplicacao,0.93,neutral,0.4223567466765556,1097,True,False
conv-20260614-000156,2026-06-15T03:56:57.309Z,9,[MASKED],Processando sua solicitação sobre fatura.,fatura,0.81,negative,0.1660051370293432,1081,True,False
conv-20260614-000156,2026-06-15T03:57:11.309Z,10,[MASKED],Transferência PIX realizada com sucesso.,transferencia_pix,0.92,neutral,0.4661322426607817,1502,False,False
conv-20260620-000157,2026-06-21T03:34:17.309Z,1,[MASKED],Processando sua solicitação sobre seguros.,seguros,0.81,positive,0.7455836058080266,1026,True,False
conv-20260620-000157,2026-06-21T03:34:22.309Z,2,[MASKED],Processando sua solicitação sobre saque_exterior.,saque_exterior,0.93,positive,0.8992235042405397,549,False,False
conv-20260620-000157,2026-06-21T03:34:27.309Z,3,[MASKED],Processando sua solicitação sobre limite.,limite,0.88,neutral,0.4755957482239733,1138,False,False
conv-20260620-000157,2026-06-21T03:34:38.309Z,4,[MASKED],Transferência PIX realizada com sucesso.,transferencia_pix,0.91,neutral,0.4129505192374691,1218,True,False
conv-20260620-000157,2026-06-21T03:34:44.309Z,5,[MASKED],Processando sua solicitação sobre resgate.,resgate,0.91,neutral,0.4713002927583311,1639,False,False
conv-20260620-000157,2026-06-21T03:34:57.309Z,6,[MASKED],Seu saldo atual é R$ 48686.00.,saldo,0.84,neutral,0.40656810611261607,2646,True,False
conv-20260607-000158,2026-06-07T18:32:24.309Z,1,[MASKED],Processando sua solicitação sobre seguros.,seguros,0.82,negative,0.14154640917120315,760,True,False
conv-20260607-000158,2026-06-07T18:32:36.309Z,2,[MASKED],Transferência PIX realizada com sucesso.,transferencia_pix,0.94,positive,0.7146109092182307,2401,False,False
conv-20260607-000158,2026-06-07T18:32:40.309Z,3,[MASKED],Transferência PIX realizada com sucesso.,transferencia_pix,0.89,positive,0.7599921920438547,1308,True,False
conv-20260607-000158,2026-06-07T18:32:44.309Z,4,[MASKED],Processando sua solicitação sobre transferencia_ted.,transferencia_ted,0.93,neutral,0.598447537422918,1297,False,False
conv-20260607-000158,2026-06-07T18:32:56.309Z,5,[MASKED],Cartão bloqueado por segurança.,cartao_bloqueio,0.87,neutral,0.45675114087974383,2517,False,False
conv-20260607-000159,2026-06-07T20:05:07.309Z,1,[MASKED],Transferência PIX realizada com sucesso.,transferencia_pix,0.8,neutral,0.4217423405689785,1902,True,False
conv-20260607-000159,2026-06-07T20:05:18.309Z,2,[MASKED],Processando sua solicitação sobre cartao_desbloqueio.,cartao_desbloqueio,0.91,neutral,0.5855102995179992,1810,True,False
conv-20260607-000159,2026-06-07T20:05:23.309Z,3,[MASKED],Processando sua solicitação sobre fatura.,fatura,0.95,positive,0.8220246458986264,1140,True,False
conv-20260617-000160,2026-06-18T05:16:55.309Z,1,[MASKED],Processando sua solicitação sobre fatura.,fatura,0.93,positive,0.7808162213195972,2807,False,False
conv-20260617-000160,2026-06-18T05:17:10.309Z,2,[MASKED],Processando sua solicitação sobre resgate.,resgate,0.8,neutral,0.5324109252045641,2371,False,False
conv-20260617-000160,2026-06-18T05:17:18.309Z,3,[MASKED],Seu saldo atual é R$ 25161.00.,saldo,0.88,neutral,0.5478033918134155,1818,True,False
conv-20260617-000160,2026-06-18T05:17:28.309Z,4,[MASKED],Cartão bloqueado por segurança.,cartao_bloqueio,0.92,positive,0.8882988314647436,937,False,False
conv-20260617-000160,2026-06-18T05:17:31.309Z,5,[MASKED],Processando sua solicitação sobre emprestimo_simulacao.,emprestimo_simulacao,0.84,positive,0.720287983203105,2494,False,False
conv-20260617-000160,2026-06-18T05:17:39.309Z,6,[MASKED],Processando sua solicitação sobre transferencia_ted.,transferencia_ted,0.77,positive,0.8954357516396685,1664,False,False
conv-20260624-000161,2026-06-24T23:51:50.309Z,1,[MASKED],Processando sua solicitação sobre fatura.,fatura,0.8,positive,0.8942877332926695,2418,False,False
conv-20260624-000161,2026-06-24T23:52:04.309Z,2,[MASKED],Seu saldo atual é R$ 27020.00.,saldo,0.85,positive,0.7972715061874643,1074,True,False
conv-20260624-000161,2026-06-24T23:52:07.309Z,3,[MASKED],Processando sua solicitação sobre pagamento_boleto.,pagamento_boleto,0.98,positive,0.8746161770794962,2029,False,False
conv-20260624-000161,2026-06-24T23:52:17.309Z,4,[MASKED],Processando sua solicitação sobre cartao_desbloqueio.,cartao_desbloqueio,0.77,positive,0.7184287041041666,2854,True,False
conv-20260630-000162,2026-07-01T04:30:23.309Z,1,[MASKED],Processando sua solicitação sobre seguros.,seguros,0.75,positive,0.7450459872519737,2854,False,False
conv-20260630-000162,2026-07-01T04:30:29.309Z,2,[MASKED],Processando sua solicitação sobre saque_exterior.,saque_exterior,0.8,neutral,0.5643049501991845,1837,False,False
conv-20260619-000163,2026-06-19T21:36:15.309Z,1,[MASKED],Processando sua solicitação sobre fatura.,fatura,0.76,positive,0.8755275188369745,1610,False,False
conv-20260619-000163,2026-06-19T21:36:24.309Z,2,[MASKED],Seu saldo atual é R$ 48590.00.,saldo,0.84,neutral,0.4893624774195952,2318,False,False
conv-20260619-000163,2026-06-19T21:36:39.309Z,3,[MASKED],Processando sua solicitação sobre emprestimo_simulacao.,emprestimo_simulacao,0.87,neutral,0.5156607072420691,2917,True,False
conv-20260619-000163,2026-06-19T21:36:45.309Z,4,[MASKED],Processando sua solicitação sobre aplicacao.,aplicacao,0.99,neutral,0.483025573478611,2503,True,False
conv-20260613-000164,2026-06-13T21:38:05.309Z,1,[MASKED],Processando sua solicitação sobre cartao_desbloqueio.,cartao_desbloqueio,0.89,positive,0.7255896605828733,1824,True,False
conv-20260613-000164,2026-06-13T21:38:15.309Z,2,[MASKED],Consultando seu extrato dos últimos 30 dias.,extrato,0.91,neutral,0.47434080782168364,750,False,False
conv-20260605-000165,2026-06-06T00:34:31.309Z,1,[MASKED],Processando sua solicitação sobre cartao_desbloqueio.,cartao_desbloqueio,0.93,positive,0.7288681625032082,605,False,False
conv-20260605-000165,2026-06-06T00:34:46.309Z,2,[MASKED],Processando sua solicitação sobre cambio.,cambio,0.83,positive,0.7445399360241353,2651,False,False
conv-20260621-000166,2026-06-21T21:26:15.309Z,1,[MASKED],Processando sua solicitação sobre resgate.,resgate,0.78,neutral,0.4452446807185869,888,True,False
conv-20260621-000166,2026-06-21T21:26:22.309Z,2,[MASKED],Processando sua solicitação sobre fatura.,fatura,0.89,neutral,0.5767165679733841,2392,True,False
conv-20260621-000166,2026-06-21T21:26:30.309Z,3,[MASKED],Processando sua solicitação sobre resgate.,resgate,0.97,neutral,0.4770060027120713,2873,True,False
conv-20260616-000167,2026-06-17T01:01:45.309Z,1,[MASKED],Processando sua solicitação sobre previdencia.,previdencia,0.86,positive,0.7193006823480319,1545,False,False
conv-20260616-000167,2026-06-17T01:01:52.309Z,2,[MASKED],Você possui R$ 72213.00 investidos.,investimentos,0.78,neutral,0.4454250111804722,1996,False,False
conv-20260616-000167,2026-06-17T01:01:56.309Z,3,[MASKED],Processando sua solicitação sobre previdencia.,previdencia,0.86,positive,0.8106597080592985,1711,True,False
conv-20260616-000167,2026-06-17T01:02:07.309Z,4,[MASKED],Processando sua solicitação sobre seguros.,seguros,0.78,neutral,0.5361148733226315,2128,True,False
conv-20260616-000167,2026-06-17T01:02:21.309Z,5,[MASKED],Processando sua solicitação sobre limite.,limite,0.96,neutral,0.5050090447768497,2652,False,False
conv-20260616-000167,2026-06-17T01:02:35.309Z,6,[MASKED],Processando sua solicitação sobre pagamento_boleto.,pagamento_boleto,0.79,positive,0.8268625242396308,1183,True,False
conv-20260616-000167,2026-06-17T01:02:50.309Z,7,[MASKED],Processando sua solicitação sobre resgate.,resgate,0.96,negative,0.15568427599804427,2715,False,False
conv-20260621-000168,2026-06-21T20:25:00.309Z,1,[MASKED],Processando sua solicitação sobre resgate.,resgate,0.8,neutral,0.5668658053135981,1153,True,False
conv-20260621-000168,2026-06-21T20:25:07.309Z,2,[MASKED],Processando sua solicitação sobre resgate.,resgate,0.98,positive,0.7303692403522597,2144,False,False
conv-20260621-000168,2026-06-21T20:25:14.309Z,3,[MASKED],Processando sua solicitação sobre fatura.,fatura,0.88,neutral,0.5543316060730006,544,False,False
conv-20260621-000168,2026-06-21T20:25:24.309Z,4,[MASKED],Processando sua solicitação sobre cartao_desbloqueio.,cartao_desbloqueio,0.79,neutral,0.5760453760310903,1011,False,False
conv-20260621-000168,2026-06-21T20:25:27.309Z,5,[MASKED],Processando sua solicitação sobre emprestimo_simulacao.,emprestimo_simulacao,0.89,positive,0.8752484645094882,1546,False,False
conv-20260621-000168,2026-06-21T20:25:33.309Z,6,[MASKED],Processando sua solicitação sobre pagamento_boleto.,pagamento_boleto,0.98,positive,0.8730170136132083,922,True,False
conv-20260621-000168,2026-06-21T20:25:46.309Z,7,[MASKED],Transferência PIX realizada com sucesso.,transferencia_pix,0.96,neutral,0.45604071295607834,2271,False,False
conv-20260621-000168,2026-06-21T20:25:59.309Z,8,[MASKED],Processando sua solicitação sobre pagamento_boleto.,pagamento_boleto,0.77,neutral,0.42022619651719273,1846,False,False
conv-20260620-000169,2026-06-21T03:00:45.309Z,1,[MASKED],Consultando seu extrato dos últimos 30 dias.,extrato,0.97,positive,0.7843658653129393,1477,False,False
conv-20260620-000169,2026-06-21T03:00:48.309Z,2,[MASKED],Processando sua solicitação sobre limite.,limite,0.76,neutral,0.4797385481196056,2303,False,False
conv-20260620-000169,2026-06-21T03:00:51.309Z,3,[MASKED],Processando sua solicitação sobre cotacao_seguro.,cotacao_seguro,0.77,positive,0.884133938569045,2822,True,False
conv-20260610-000170,2026-06-11T06:16:50.309Z,1,[MASKED],Processando sua solicitação sobre emprestimo_simulacao.,emprestimo_simulacao,0.83,neutral,0.4611670331676277,1940,True,False
conv-20260610-000170,2026-06-11T06:16:58.309Z,2,[MASKED],Processando sua solicitação sobre cambio.,cambio,0.8,neutral,0.5711951996496262,2536,False,False
conv-20260610-000170,2026-06-11T06:17:13.309Z,3,[MASKED],Processando sua solicitação sobre transferencia_ted.,transferencia_ted,0.75,neutral,0.43795795080340927,1980,False,False
conv-20260629-000171,2026-06-29T23:19:13.309Z,1,[MASKED],Processando sua solicitação sobre previdencia.,previdencia,0.86,negative,0.10815456844255862,2835,True,False
conv-20260629-000171,2026-06-29T23:19:20.309Z,2,[MASKED],Seu saldo atual é R$ 45652.00.,saldo,0.81,positive,0.7451665303712427,2525,True,False
conv-20260629-000171,2026-06-29T23:19:27.309Z,3,[MASKED],Processando sua solicitação sobre sinistro.,sinistro,0.85,neutral,0.510245230791528,585,True,False
conv-20260629-000171,2026-06-29T23:19:38.309Z,4,[MASKED],Processando sua solicitação sobre saque_exterior.,saque_exterior,0.81,neutral,0.5593594655125085,2136,False,False
conv-20260629-000171,2026-06-29T23:19:45.309Z,5,[MASKED],Processando sua solicitação sobre emprestimo_contratacao.,emprestimo_contratacao,0.88,positive,0.7154080896945165,2016,True,False
conv-20260629-000171,2026-06-29T23:19:59.309Z,6,[MASKED],Processando sua solicitação sobre sinistro.,sinistro,0.92,neutral,0.5070719827912521,2704,True,False
conv-20260615-000172,2026-06-16T02:22:42.309Z,1,[MASKED],Seu saldo atual é R$ 23326.00.,saldo,0.98,positive,0.7552180760648156,1105,False,False
conv-20260615-000172,2026-06-16T02:22:56.309Z,2,[MASKED],Seu saldo atual é R$ 46251.00.,saldo,0.99,neutral,0.4430408279028547,2948,False,False
conv-20260615-000172,2026-06-16T02:23:10.309Z,3,[MASKED],Processando sua solicitação sobre cartao_desbloqueio.,cartao_desbloqueio,0.78,positive,0.8079225226941386,1853,False,False
conv-20260615-000172,2026-06-16T02:23:22.309Z,4,[MASKED],Consultando seu extrato dos últimos 30 dias.,extrato,0.77,neutral,0.48274228830692223,1967,True,False
conv-20260615-000172,2026-06-16T02:23:28.309Z,5,[MASKED],Processando sua solicitação sobre cambio.,cambio,0.97,neutral,0.5457334237091245,1234,False,False
conv-20260615-000172,2026-06-16T02:23:40.309Z,6,[MASKED],Processando sua solicitação sobre emprestimo_simulacao.,emprestimo_simulacao,0.95,positive,0.7365979196069588,2169,False,False
conv-20260615-000172,2026-06-16T02:23:54.309Z,7,[MASKED],Processando sua solicitação sobre emprestimo_contratacao.,emprestimo_contratacao,0.85,neutral,0.44532804094433887,1532,True,False
conv-20260615-000172,2026-06-16T02:24:09.309Z,8,[MASKED],Processando sua solicitação sobre aplicacao.,aplicacao,0.99,positive,0.7118292401473375,2645,False,True
conv-20260615-000172,2026-06-16T02:24:20.309Z,9,[MASKED],Seu saldo atual é R$ 20171.00.,saldo,0.94,positive,0.8136157312443327,519,False,False
conv-20260701-000173,2026-07-02T05:48:52.309Z,1,[MASKED],Processando sua solicitação sobre transferencia_ted.,transferencia_ted,0.97,negative,0.12155498467244806,658,True,False
conv-20260701-000173,2026-07-02T05:48:57.309Z,2,[MASKED],Processando sua solicitação sobre aplicacao.,aplicacao,0.97,positive,0.8875636524776624,2538,False,False
conv-20260701-000173,2026-07-02T05:49:01.309Z,3,[MASKED],Processando sua solicitação sobre previdencia.,previdencia,0.81,positive,0.8635171003502133,768,True,False
conv-20260701-000173,2026-07-02T05:49:04.309Z,4,[MASKED],Processando sua solicitação sobre limite.,limite,0.92,negative,0.2678124406801659,740,True,False
conv-20260701-000173,2026-07-02T05:49:08.309Z,5,[MASKED],Processando sua solicitação sobre fatura.,fatura,0.88,neutral,0.5513846941983418,2659,True,False
conv-20260701-000173,2026-07-02T05:49:13.309Z,6,[MASKED],Processando sua solicitação sobre transferencia_ted.,transferencia_ted,0.85,positive,0.7754133896267249,1311,False,True
conv-20260701-000173,2026-07-02T05:49:21.309Z,7,[MASKED],Processando sua solicitação sobre previdencia.,previdencia,0.99,neutral,0.554148154388657,2482,True,False
conv-20260701-000173,2026-07-02T05:49:24.309Z,8,[MASKED],Processando sua solicitação sobre cotacao_seguro.,cotacao_seguro,0.97,positive,0.8085574063261729,865,False,False
conv-20260701-000173,2026-07-02T05:49:35.309Z,9,[MASKED],Seu saldo atual é R$ 25324.00.,saldo,0.83,negative,0.20755273409550676,693,False,False
conv-20260624-000174,2026-06-25T00:07:56.309Z,1,[MASKED],Consultando seu extrato dos últimos 30 dias.,extrato,0.84,negative,0.26755746215873766,1854,True,False
conv-20260624-000174,2026-06-25T00:08:08.309Z,2,[MASKED],Processando sua solicitação sobre sinistro.,sinistro,0.89,neutral,0.5727486757965204,1557,False,False
conv-20260602-000175,2026-06-03T04:38:12.309Z,1,[MASKED],Processando sua solicitação sobre resgate.,resgate,0.79,positive,0.8480185885079192,2501,False,False
conv-20260602-000175,2026-06-03T04:38:19.309Z,2,[MASKED],Processando sua solicitação sobre cartao_desbloqueio.,cartao_desbloqueio,0.84,positive,0.8771199269354739,2835,True,False
conv-20260602-000175,2026-06-03T04:38:30.309Z,3,[MASKED],Transferência PIX realizada com sucesso.,transferencia_pix,0.86,positive,0.7222813252041416,1322,True,False
conv-20260616-000176,2026-06-17T05:14:02.309Z,1,[MASKED],Processando sua solicitação sobre cotacao_seguro.,cotacao_seguro,0.76,positive,0.7760068687097692,1218,False,False
conv-20260616-000176,2026-06-17T05:14:08.309Z,2,[MASKED],Processando sua solicitação sobre seguros.,seguros,0.76,positive,0.7881060988744839,1296,True,False
conv-20260616-000176,2026-06-17T05:14:15.309Z,3,[MASKED],Processando sua solicitação sobre previdencia.,previdencia,0.78,positive,0.7130262693910661,1159,True,False
conv-20260616-000176,2026-06-17T05:14:20.309Z,4,[MASKED],Processando sua solicitação sobre fatura.,fatura,0.81,positive,0.7762426778725102,2017,True,False
conv-20260616-000176,2026-06-17T05:14:35.309Z,5,[MASKED],Processando sua solicitação sobre saque_exterior.,saque_exterior,0.89,neutral,0.41478480252592764,990,False,False
conv-20260616-000176,2026-06-17T05:14:48.309Z,6,[MASKED],Processando sua solicitação sobre emprestimo_simulacao.,emprestimo_simulacao,0.97,neutral,0.4475338096661585,1656,False,False
conv-20260616-000176,2026-06-17T05:14:56.309Z,7,[MASKED],Processando sua solicitação sobre transferencia_ted.,transferencia_ted,0.88,negative,0.1720270294306276,2462,True,False
conv-20260624-000177,2026-06-24T21:19:29.309Z,1,[MASKED],Processando sua solicitação sobre limite.,limite,0.91,neutral,0.42662293571726634,2091,True,False
conv-20260624-000177,2026-06-24T21:19:43.309Z,2,[MASKED],Processando sua solicitação sobre cotacao_seguro.,cotacao_seguro,0.94,positive,0.7726829810445821,2828,False,False
conv-20260624-000177,2026-06-24T21:19:58.309Z,3,[MASKED],Processando sua solicitação sobre emprestimo_contratacao.,emprestimo_contratacao,0.78,neutral,0.42173003635231954,2035,False,False
conv-20260624-000177,2026-06-24T21:20:13.309Z,4,[MASKED],Processando sua solicitação sobre cambio.,cambio,0.88,positive,0.7313438693577818,2188,False,False
conv-20260624-000177,2026-06-24T21:20:22.309Z,5,[MASKED],Processando sua solicitação sobre seguros.,seguros,0.89,positive,0.734468157996714,2314,True,False
conv-20260624-000177,2026-06-24T21:20:34.309Z,6,[MASKED],Processando sua solicitação sobre cotacao_seguro.,cotacao_seguro,0.96,neutral,0.42611101681384483,1117,False,False
conv-20260624-000177,2026-06-24T21:20:49.309Z,7,[MASKED],Processando sua solicitação sobre cambio.,cambio,0.77,neutral,0.4130718083467335,2673,True,True
conv-20260624-000177,2026-06-24T21:20:57.309Z,8,[MASKED],Você possui R$ 27608.00 investidos.,investimentos,0.93,negative,0.29159131677897554,1783,False,False
conv-20260624-000177,2026-06-24T21:21:05.309Z,9,[MASKED],Processando sua solicitação sobre cambio.,cambio,0.83,neutral,0.4350435991432384,1792,False,False
conv-20260629-000178,2026-06-29T19:42:04.309Z,1,[MASKED],Processando sua solicitação sobre transferencia_ted.,transferencia_ted,0.92,positive,0.8635903408562903,2453,False,False
conv-20260629-000178,2026-06-29T19:42:09.309Z,2,[MASKED],Processando sua solicitação sobre transferencia_ted.,transferencia_ted,0.83,negative,0.1679553299960722,581,True,False
conv-20260629-000178,2026-06-29T19:42:13.309Z,3,[MASKED],Processando sua solicitação sobre seguros.,seguros,0.97,neutral,0.42219436316623804,1052,True,False
conv-20260629-000178,2026-06-29T19:42:21.309Z,4,[MASKED],Processando sua solicitação sobre cartao_desbloqueio.,cartao_desbloqueio,0.9,positive,0.8180645472075622,840,True,False
conv-20260629-000178,2026-06-29T19:42:28.309Z,5,[MASKED],Processando sua solicitação sobre cotacao_seguro.,cotacao_seguro,0.87,positive,0.8811633306248217,2602,True,False
conv-20260629-000178,2026-06-29T19:42:42.309Z,6,[MASKED],Processando sua solicitação sobre cartao_desbloqueio.,cartao_desbloqueio,0.76,neutral,0.5499995246456514,1577,False,False
conv-20260629-000178,2026-06-29T19:42:50.309Z,7,[MASKED],Processando sua solicitação sobre previdencia.,previdencia,0.93,positive,0.7038424317579127,628,False,False
conv-20260629-000178,2026-06-29T19:43:00.309Z,8,[MASKED],Processando sua solicitação sobre emprestimo_simulacao.,emprestimo_simulacao,0.92,positive,0.767126982460609,2090,False,False
conv-20260629-000178,2026-06-29T19:43:08.309Z,9,[MASKED],Processando sua solicitação sobre resgate.,resgate,0.87,neutral,0.45333450598017294,1918,False,False
conv-20260629-000179,2026-06-30T06:36:05.309Z,1,[MASKED],Processando sua solicitação sobre fatura.,fatura,0.75,positive,0.8583185459458843,832,True,False
conv-20260629-000179,2026-06-30T06:36:19.309Z,2,[MASKED],Você possui R$ 26249.00 investidos.,investimentos,0.86,positive,0.7394599507871831,2084,False,False
conv-20260629-000179,2026-06-30T06:36:24.309Z,3,[MASKED],Transferência PIX realizada com sucesso.,transferencia_pix,0.86,neutral,0.5015168786142966,1679,True,False
conv-20260629-000179,2026-06-30T06:36:30.309Z,4,[MASKED],Cartão bloqueado por segurança.,cartao_bloqueio,0.92,neutral,0.5405736189509429,1089,True,False
conv-20260625-000180,2026-06-26T06:04:05.309Z,1,[MASKED],Processando sua solicitação sobre cartao_desbloqueio.,cartao_desbloqueio,0.91,neutral,0.5797279368581023,747,False,True
conv-20260625-000180,2026-06-26T06:04:13.309Z,2,[MASKED],Processando sua solicitação sobre saque_exterior.,saque_exterior,0.98,neutral,0.5138402257299979,1980,False,False
conv-20260625-000180,2026-06-26T06:04:27.309Z,3,[MASKED],Transferência PIX realizada com sucesso.,transferencia_pix,0.88,neutral,0.5489938708995059,2017,True,False
conv-20260625-000180,2026-06-26T06:04:30.309Z,4,[MASKED],Processando sua solicitação sobre limite.,limite,0.97,neutral,0.5692963211912112,2178,False,False
conv-20260625-000180,2026-06-26T06:04:40.309Z,5,[MASKED],Processando sua solicitação sobre transferencia_ted.,transferencia_ted,0.85,positive,0.7048959640761641,1125,True,False
conv-20260625-000180,2026-06-26T06:04:49.309Z,6,[MASKED],Processando sua solicitação sobre resgate.,resgate,0.97,positive,0.7302077302231449,2136,True,False
conv-20260625-000180,2026-06-26T06:04:52.309Z,7,[MASKED],Processando sua solicitação sobre emprestimo_simulacao.,emprestimo_simulacao,0.76,positive,0.778446379539842,2434,False,False
conv-20260625-000180,2026-06-26T06:05:03.309Z,8,[MASKED],Cartão bloqueado por segurança.,cartao_bloqueio,0.87,positive,0.7870215146948858,1432,True,False
conv-20260625-000180,2026-06-26T06:05:16.309Z,9,[MASKED],Consultando seu extrato dos últimos 30 dias.,extrato,0.92,negative,0.2215635303993849,1947,True,False
conv-20260623-000181,2026-06-23T22:15:51.309Z,1,[MASKED],Processando sua solicitação sobre pagamento_boleto.,pagamento_boleto,0.85,positive,0.7418911977776539,2439,False,False
conv-20260623-000181,2026-06-23T22:15:59.309Z,2,[MASKED],Transferência PIX realizada com sucesso.,transferencia_pix,0.92,neutral,0.5803711624847842,1649,False,False
conv-20260623-000181,2026-06-23T22:16:11.309Z,3,[MASKED],Processando sua solicitação sobre sinistro.,sinistro,0.89,neutral,0.5781114101698954,2928,False,False
conv-20260623-000181,2026-06-23T22:16:15.309Z,4,[MASKED],Processando sua solicitação sobre emprestimo_simulacao.,emprestimo_simulacao,0.87,neutral,0.5205199553078868,1107,False,False
conv-20260623-000181,2026-06-23T22:16:30.309Z,5,[MASKED],Processando sua solicitação sobre cotacao_seguro.,cotacao_seguro,0.86,neutral,0.4446666637555805,1631,True,False
conv-20260623-000181,2026-06-23T22:16:42.309Z,6,[MASKED],Transferência PIX realizada com sucesso.,transferencia_pix,0.87,positive,0.7628336557817028,2801,True,False
conv-20260623-000181,2026-06-23T22:16:55.309Z,7,[MASKED],Processando sua solicitação sobre cotacao_seguro.,cotacao_seguro,0.76,neutral,0.576954338245009,2947,False,False
conv-20260626-000182,2026-06-26T20:32:31.309Z,1,[MASKED],Processando sua solicitação sobre previdencia.,previdencia,0.82,positive,0.8172960670717593,1630,False,False
conv-20260626-000182,2026-06-26T20:32:35.309Z,2,[MASKED],Consultando seu extrato dos últimos 30 dias.,extrato,0.83,neutral,0.544100249372466,1837,True,False
conv-20260626-000182,2026-06-26T20:32:48.309Z,3,[MASKED],Processando sua solicitação sobre fatura.,fatura,0.9,positive,0.7648028322541965,2120,True,False
conv-20260626-000182,2026-06-26T20:32:51.309Z,4,[MASKED],Processando sua solicitação sobre resgate.,resgate,0.79,positive,0.8045561167052117,2534,True,False
conv-20260626-000182,2026-06-26T20:32:59.309Z,5,[MASKED],Processando sua solicitação sobre fatura.,fatura,0.87,neutral,0.509022276196108,832,False,False
conv-20260626-000182,2026-06-26T20:33:08.309Z,6,[MASKED],Processando sua solicitação sobre resgate.,resgate,0.79,neutral,0.5525528146496779,2745,False,False
conv-20260612-000183,2026-06-13T02:42:22.309Z,1,[MASKED],Seu saldo atual é R$ 38744.00.,saldo,0.8,positive,0.8165478370956556,778,True,False
conv-20260612-000183,2026-06-13T02:42:26.309Z,2,[MASKED],Processando sua solicitação sobre saque_exterior.,saque_exterior,0.8,neutral,0.5072459966053813,2007,False,False
conv-20260612-000183,2026-06-13T02:42:34.309Z,3,[MASKED],Processando sua solicitação sobre pagamento_boleto.,pagamento_boleto,0.9,positive,0.7668971481856294,2090,False,False
conv-20260612-000183,2026-06-13T02:42:43.309Z,4,[MASKED],Processando sua solicitação sobre aplicacao.,aplicacao,0.98,neutral,0.5343692742464022,1668,False,False
conv-20260612-000183,2026-06-13T02:42:47.309Z,5,[MASKED],Consultando seu extrato dos últimos 30 dias.,extrato,0.8,neutral,0.5140413950915672,2087,False,False
conv-20260612-000183,2026-06-13T02:43:00.309Z,6,[MASKED],Processando sua solicitação sobre cotacao_seguro.,cotacao_seguro,0.76,neutral,0.5252235267010481,2929,False,False
conv-20260612-000183,2026-06-13T02:43:03.309Z,7,[MASKED],Processando sua solicitação sobre cartao_desbloqueio.,cartao_desbloqueio,0.8,positive,0.8893590148090453,550,False,False
conv-20260612-000183,2026-06-13T02:43:13.309Z,8,[MASKED],Processando sua solicitação sobre emprestimo_simulacao.,emprestimo_simulacao,0.88,neutral,0.4570684951469349,2965,True,True
conv-20260603-000184,2026-06-04T05:50:29.309Z,1,[MASKED],Processando sua solicitação sobre emprestimo_contratacao.,emprestimo_contratacao,0.82,positive,0.7525451309337134,591,True,False
conv-20260603-000184,2026-06-04T05:50:42.309Z,2,[MASKED],Seu saldo atual é R$ 7478.00.,saldo,0.92,positive,0.7910489154901978,2451,False,False
conv-20260603-000184,2026-06-04T05:50:56.309Z,3,[MASKED],Processando sua solicitação sobre saque_exterior.,saque_exterior,0.8,positive,0.7795077870458652,2464,False,False
conv-20260603-000184,2026-06-04T05:51:05.309Z,4,[MASKED],Processando sua solicitação sobre transferencia_ted.,transferencia_ted,0.97,positive,0.8313220054850134,2189,False,False
conv-20260603-000184,2026-06-04T05:51:19.309Z,5,[MASKED],Transferência PIX realizada com sucesso.,transferencia_pix,0.82,neutral,0.5743983137429801,1330,True,False
conv-20260603-000184,2026-06-04T05:51:34.309Z,6,[MASKED],Seu saldo atual é R$ 28630.00.,saldo,0.98,neutral,0.49770552484983765,680,True,False
conv-20260603-000184,2026-06-04T05:51:48.309Z,7,[MASKED],Consultando seu extrato dos últimos 30 dias.,extrato,0.86,positive,0.7944950365194541,1673,True,False
conv-20260603-000184,2026-06-04T05:51:56.309Z,8,[MASKED],Processando sua solicitação sobre previdencia.,previdencia,0.83,positive,0.7347925463023958,2714,False,False
conv-20260630-000185,2026-07-01T01:42:38.309Z,1,[MASKED],Processando sua solicitação sobre transferencia_ted.,transferencia_ted,0.95,neutral,0.4318855939076809,1094,True,False
conv-20260630-000185,2026-07-01T01:42:53.309Z,2,[MASKED],Processando sua solicitação sobre cotacao_seguro.,cotacao_seguro,0.99,positive,0.8087993473440087,2123,True,False
conv-20260630-000185,2026-07-01T01:43:00.309Z,3,[MASKED],Processando sua solicitação sobre previdencia.,previdencia,0.94,neutral,0.4978359984113594,1174,False,False
conv-20260630-000185,2026-07-01T01:43:15.309Z,4,[MASKED],Processando sua solicitação sobre limite.,limite,0.95,negative,0.1438142844692162,2746,False,False
conv-20260630-000185,2026-07-01T01:43:29.309Z,5,[MASKED],Processando sua solicitação sobre aplicacao.,aplicacao,0.95,neutral,0.5790468704004867,1424,True,False
conv-20260630-000185,2026-07-01T01:43:44.309Z,6,[MASKED],Processando sua solicitação sobre pagamento_boleto.,pagamento_boleto,0.98,neutral,0.4483666699466118,941,False,False
conv-20260630-000185,2026-07-01T01:43:50.309Z,7,[MASKED],Processando sua solicitação sobre previdencia.,previdencia,0.75,negative,0.15915681439798404,895,True,False
conv-20260621-000186,2026-06-21T18:25:27.309Z,1,[MASKED],Transferência PIX realizada com sucesso.,transferencia_pix,0.88,neutral,0.41960136357352384,2439,False,False
conv-20260621-000186,2026-06-21T18:25:40.309Z,2,[MASKED],Transferência PIX realizada com sucesso.,transferencia_pix,0.86,positive,0.8087469906986487,611,True,False
conv-20260621-000186,2026-06-21T18:25:54.309Z,3,[MASKED],Processando sua solicitação sobre aplicacao.,aplicacao,0.89,positive,0.7938558996235463,2362,False,False
conv-20260621-000186,2026-06-21T18:26:09.309Z,4,[MASKED],Processando sua solicitação sobre transferencia_ted.,transferencia_ted,0.91,neutral,0.5186858130435894,1387,True,False
conv-20260621-000186,2026-06-21T18:26:19.309Z,5,[MASKED],Você possui R$ 92374.00 investidos.,investimentos,0.89,positive,0.8602615355327434,2556,True,False
conv-20260621-000186,2026-06-21T18:26:23.309Z,6,[MASKED],Processando sua solicitação sobre pagamento_boleto.,pagamento_boleto,0.95,positive,0.7079632986937264,2511,False,False
conv-20260627-000187,2026-06-27T20:08:29.309Z,1,[MASKED],Processando sua solicitação sobre cartao_desbloqueio.,cartao_desbloqueio,0.93,positive,0.8893344858366341,975,True,False
conv-20260627-000187,2026-06-27T20:08:37.309Z,2,[MASKED],Processando sua solicitação sobre emprestimo_contratacao.,emprestimo_contratacao,0.9,neutral,0.4212656221071252,584,False,False
conv-20260627-000187,2026-06-27T20:08:48.309Z,3,[MASKED],Processando sua solicitação sobre emprestimo_contratacao.,emprestimo_contratacao,0.84,positive,0.7802653946088457,774,True,False
conv-20260627-000187,2026-06-27T20:08:53.309Z,4,[MASKED],Processando sua solicitação sobre aplicacao.,aplicacao,0.91,positive,0.7892204234896034,598,False,False
conv-20260627-000187,2026-06-27T20:09:03.309Z,5,[MASKED],Você possui R$ 74356.00 investidos.,investimentos,0.76,neutral,0.44048945329694034,1259,False,False
conv-20260627-000187,2026-06-27T20:09:17.309Z,6,[MASKED],Processando sua solicitação sobre emprestimo_simulacao.,emprestimo_simulacao,0.78,positive,0.8331822384385579,545,True,False
conv-20260627-000187,2026-06-27T20:09:32.309Z,7,[MASKED],Processando sua solicitação sobre resgate.,resgate,0.8,negative,0.19495191049318827,1808,False,False
conv-20260627-000187,2026-06-27T20:09:37.309Z,8,[MASKED],Processando sua solicitação sobre emprestimo_simulacao.,emprestimo_simulacao,0.79,neutral,0.42539111652649286,2765,True,False
conv-20260627-000187,2026-06-27T20:09:41.309Z,9,[MASKED],Transferência PIX realizada com sucesso.,transferencia_pix,0.79,negative,0.22538818829270266,2602,False,False
conv-20260614-000188,2026-06-15T01:33:49.309Z,1,[MASKED],Processando sua solicitação sobre resgate.,resgate,0.85,neutral,0.40618280234533016,2953,True,False
conv-20260614-000188,2026-06-15T01:34:03.309Z,2,[MASKED],Processando sua solicitação sobre resgate.,resgate,0.86,positive,0.8613622769514903,663,False,False
conv-20260614-000188,2026-06-15T01:34:14.309Z,3,[MASKED],Processando sua solicitação sobre cambio.,cambio,0.87,negative,0.25148354153507807,1839,True,False
conv-20260614-000188,2026-06-15T01:34:18.309Z,4,[MASKED],Transferência PIX realizada com sucesso.,transferencia_pix,0.77,neutral,0.5258242745223815,1902,False,False
conv-20260621-000189,2026-06-22T06:02:58.309Z,1,[MASKED],Processando sua solicitação sobre cambio.,cambio,0.89,neutral,0.43468312191547565,2723,False,False
conv-20260621-000189,2026-06-22T06:03:04.309Z,2,[MASKED],Processando sua solicitação sobre cambio.,cambio,0.84,positive,0.7783260471885552,1881,False,False
conv-20260621-000189,2026-06-22T06:03:14.309Z,3,[MASKED],Processando sua solicitação sobre previdencia.,previdencia,0.81,positive,0.8933027407177717,1898,False,True
conv-20260621-000189,2026-06-22T06:03:29.309Z,4,[MASKED],Cartão bloqueado por segurança.,cartao_bloqueio,0.95,neutral,0.5022236817590201,2527,False,False
conv-20260621-000189,2026-06-22T06:03:32.309Z,5,[MASKED],Processando sua solicitação sobre emprestimo_contratacao.,emprestimo_contratacao,0.84,neutral,0.4238889547284355,2505,True,False
conv-20260621-000189,2026-06-22T06:03:47.309Z,6,[MASKED],Consultando seu extrato dos últimos 30 dias.,extrato,0.88,neutral,0.45368285794172003,668,True,False
conv-20260621-000189,2026-06-22T06:04:00.309Z,7,[MASKED],Processando sua solicitação sobre emprestimo_contratacao.,emprestimo_contratacao,0.76,positive,0.722286408152589,1339,False,False
conv-20260607-000190,2026-06-07T19:30:44.309Z,1,[MASKED],Processando sua solicitação sobre seguros.,seguros,0.86,neutral,0.4331285117445665,1508,True,False
conv-20260607-000190,2026-06-07T19:30:51.309Z,2,[MASKED],Processando sua solicitação sobre aplicacao.,aplicacao,0.89,positive,0.8199432668828809,512,False,False
conv-20260607-000190,2026-06-07T19:30:57.309Z,3,[MASKED],Processando sua solicitação sobre aplicacao.,aplicacao,0.79,neutral,0.5776236822969847,835,False,False
conv-20260613-000191,2026-06-14T06:19:15.309Z,1,[MASKED],Processando sua solicitação sobre seguros.,seguros,0.84,positive,0.8755461133565203,1622,True,False
conv-20260613-000191,2026-06-14T06:19:27.309Z,2,[MASKED],Processando sua solicitação sobre sinistro.,sinistro,0.89,neutral,0.47190411445643143,764,True,False
conv-20260613-000191,2026-06-14T06:19:41.309Z,3,[MASKED],Processando sua solicitação sobre transferencia_ted.,transferencia_ted,0.8,positive,0.7733189507001619,2237,False,False
conv-20260613-000191,2026-06-14T06:19:46.309Z,4,[MASKED],Processando sua solicitação sobre sinistro.,sinistro,0.94,neutral,0.5691805095021327,2898,False,False
conv-20260613-000191,2026-06-14T06:20:01.309Z,5,[MASKED],Processando sua solicitação sobre sinistro.,sinistro,0.9,neutral,0.5105648041517512,868,False,False
conv-20260613-000191,2026-06-14T06:20:11.309Z,6,[MASKED],Processando sua solicitação sobre resgate.,resgate,0.96,positive,0.737204014106227,1700,False,False
conv-20260613-000191,2026-06-14T06:20:22.309Z,7,[MASKED],Você possui R$ 7834.00 investidos.,investimentos,0.89,neutral,0.5566201489929303,1449,True,False
conv-20260604-000192,2026-06-04T19:43:33.309Z,1,[MASKED],Processando sua solicitação sobre previdencia.,previdencia,0.96,positive,0.8532699261193536,1265,True,False
conv-20260604-000192,2026-06-04T19:43:36.309Z,2,[MASKED],Processando sua solicitação sobre emprestimo_simulacao.,emprestimo_simulacao,0.95,positive,0.7483851132716064,1052,False,False
conv-20260604-000192,2026-06-04T19:43:43.309Z,3,[MASKED],Processando sua solicitação sobre transferencia_ted.,transferencia_ted,0.92,neutral,0.4324173802735449,1506,True,False
conv-20260604-000192,2026-06-04T19:43:48.309Z,4,[MASKED],Seu saldo atual é R$ 32209.00.,saldo,0.93,neutral,0.5100631498418285,1676,False,False
conv-20260627-000193,2026-06-27T19:32:57.309Z,1,[MASKED],Processando sua solicitação sobre cartao_desbloqueio.,cartao_desbloqueio,0.93,positive,0.7431140861444735,2030,True,False
conv-20260627-000193,2026-06-27T19:33:09.309Z,2,[MASKED],Processando sua solicitação sobre resgate.,resgate,0.97,positive,0.8807327351555616,1736,False,False
conv-20260627-000193,2026-06-27T19:33:19.309Z,3,[MASKED],Processando sua solicitação sobre transferencia_ted.,transferencia_ted,0.85,neutral,0.4102692503413051,2021,True,False
conv-20260627-000193,2026-06-27T19:33:23.309Z,4,[MASKED],Processando sua solicitação sobre cartao_desbloqueio.,cartao_desbloqueio,0.96,positive,0.8744225761791801,2032,True,False
conv-20260627-000193,2026-06-27T19:33:31.309Z,5,[MASKED],Processando sua solicitação sobre pagamento_boleto.,pagamento_boleto,0.83,neutral,0.4386958603715029,2759,True,True
conv-20260627-000193,2026-06-27T19:33:36.309Z,6,[MASKED],Processando sua solicitação sobre previdencia.,previdencia,0.9,positive,0.7742532864572702,1604,False,False
conv-20260627-000193,2026-06-27T19:33:51.309Z,7,[MASKED],Processando sua solicitação sobre cambio.,cambio,0.84,positive,0.8602447919800841,2385,True,False
conv-20260627-000193,2026-06-27T19:34:06.309Z,8,[MASKED],Transferência PIX realizada com sucesso.,transferencia_pix,0.94,neutral,0.545732888205256,2275,True,False
conv-20260609-000194,2026-06-09T21:20:38.309Z,1,[MASKED],Processando sua solicitação sobre resgate.,resgate,0.99,neutral,0.43267828801101543,2740,True,False
conv-20260609-000194,2026-06-09T21:20:48.309Z,2,[MASKED],Você possui R$ 89160.00 investidos.,investimentos,0.87,neutral,0.4159939060649531,1397,False,False
conv-20260609-000194,2026-06-09T21:20:56.309Z,3,[MASKED],Processando sua solicitação sobre cambio.,cambio,0.88,neutral,0.5778340606411188,2024,False,False
conv-20260609-000194,2026-06-09T21:21:04.309Z,4,[MASKED],Processando sua solicitação sobre pagamento_boleto.,pagamento_boleto,0.87,neutral,0.45579292298285506,1137,True,False
conv-20260611-000195,2026-06-11T21:48:48.309Z,1,[MASKED],Processando sua solicitação sobre previdencia.,previdencia,0.85,neutral,0.47997014137996963,903,False,False
conv-20260611-000195,2026-06-11T21:48:54.309Z,2,[MASKED],Processando sua solicitação sobre seguros.,seguros,0.94,negative,0.28522490097479003,2470,True,False
conv-20260611-000195,2026-06-11T21:49:03.309Z,3,[MASKED],Processando sua solicitação sobre resgate.,resgate,0.98,neutral,0.4236452807605377,2196,True,False
conv-20260611-000195,2026-06-11T21:49:13.309Z,4,[MASKED],Processando sua solicitação sobre emprestimo_simulacao.,emprestimo_simulacao,0.82,positive,0.8221145448156141,2910,True,False
conv-20260611-000195,2026-06-11T21:49:25.309Z,5,[MASKED],Processando sua solicitação sobre fatura.,fatura,0.77,positive,0.8592388596198414,2930,True,False
conv-20260611-000195,2026-06-11T21:49:34.309Z,6,[MASKED],Transferência PIX realizada com sucesso.,transferencia_pix,0.79,negative,0.11027155816866048,878,False,False
conv-20260611-000195,2026-06-11T21:49:39.309Z,7,[MASKED],Processando sua solicitação sobre cartao_desbloqueio.,cartao_desbloqueio,0.91,neutral,0.41750403797690544,2002,True,False
conv-20260611-000195,2026-06-11T21:49:47.309Z,8,[MASKED],Processando sua solicitação sobre aplicacao.,aplicacao,0.9,negative,0.264285956207739,659,True,False
conv-20260611-000195,2026-06-11T21:49:56.309Z,9,[MASKED],Transferência PIX realizada com sucesso.,transferencia_pix,0.95,positive,0.714336661743823,940,False,False
conv-20260624-000196,2026-06-25T05:24:51.309Z,1,[MASKED],Processando sua solicitação sobre seguros.,seguros,0.94,neutral,0.4470250171337388,1702,False,False
conv-20260624-000196,2026-06-25T05:24:57.309Z,2,[MASKED],Processando sua solicitação sobre sinistro.,sinistro,0.77,positive,0.8175366191195572,2389,True,False
conv-20260624-000196,2026-06-25T05:25:07.309Z,3,[MASKED],Processando sua solicitação sobre resgate.,resgate,0.92,neutral,0.5158540610063881,1111,False,False
conv-20260624-000196,2026-06-25T05:25:11.309Z,4,[MASKED],Processando sua solicitação sobre previdencia.,previdencia,0.96,positive,0.8312363327053728,2907,False,False
conv-20260624-000196,2026-06-25T05:25:17.309Z,5,[MASKED],Processando sua solicitação sobre limite.,limite,0.79,positive,0.7995233855597734,770,False,False
conv-20260624-000196,2026-06-25T05:25:25.309Z,6,[MASKED],Processando sua solicitação sobre transferencia_ted.,transferencia_ted,0.85,neutral,0.4629576756925361,1044,True,True
conv-20260624-000196,2026-06-25T05:25:32.309Z,7,[MASKED],Processando sua solicitação sobre emprestimo_contratacao.,emprestimo_contratacao,0.76,neutral,0.42806819713119176,881,False,False
conv-20260624-000196,2026-06-25T05:25:38.309Z,8,[MASKED],Processando sua solicitação sobre seguros.,seguros,0.84,positive,0.768592598736597,2211,False,False
conv-20260624-000196,2026-06-25T05:25:42.309Z,9,[MASKED],Transferência PIX realizada com sucesso.,transferencia_pix,0.91,positive,0.8715548168667339,2552,False,False
conv-20260624-000196,2026-06-25T05:25:53.309Z,10,[MASKED],Processando sua solicitação sobre saque_exterior.,saque_exterior,0.86,neutral,0.5438214415177333,1305,False,False
conv-20260701-000197,2026-07-02T03:08:27.309Z,1,[MASKED],Processando sua solicitação sobre fatura.,fatura,0.88,positive,0.7081088292923584,2873,False,False
conv-20260701-000197,2026-07-02T03:08:30.309Z,2,[MASKED],Processando sua solicitação sobre emprestimo_contratacao.,emprestimo_contratacao,0.95,negative,0.20930918595182435,695,False,False
conv-20260612-000198,2026-06-13T04:21:01.309Z,1,[MASKED],Seu saldo atual é R$ 49213.00.,saldo,0.81,positive,0.8314914335195969,907,False,False
conv-20260612-000198,2026-06-13T04:21:10.309Z,2,[MASKED],Processando sua solicitação sobre cotacao_seguro.,cotacao_seguro,0.99,positive,0.8383114986847053,1171,True,True
conv-20260612-000198,2026-06-13T04:21:14.309Z,3,[MASKED],Seu saldo atual é R$ 49805.00.,saldo,0.98,positive,0.7226741519047324,1481,False,False
conv-20260612-000198,2026-06-13T04:21:25.309Z,4,[MASKED],Processando sua solicitação sobre previdencia.,previdencia,0.9,neutral,0.5570994005847992,2405,False,False
conv-20260612-000198,2026-06-13T04:21:33.309Z,5,[MASKED],Processando sua solicitação sobre seguros.,seguros,0.92,neutral,0.5821839867739079,2088,True,False
conv-20260612-000198,2026-06-13T04:21:38.309Z,6,[MASKED],Processando sua solicitação sobre resgate.,resgate,0.8,positive,0.8982227070997862,1901,False,False
conv-20260612-000198,2026-06-13T04:21:53.309Z,7,[MASKED],Processando sua solicitação sobre emprestimo_contratacao.,emprestimo_contratacao,0.79,neutral,0.5242150167189378,924,False,False
conv-20260612-000198,2026-06-13T04:22:07.309Z,8,[MASKED],Você possui R$ 74067.00 investidos.,investimentos,0.94,neutral,0.47745512026878295,1428,False,False
conv-20260612-000198,2026-06-13T04:22:10.309Z,9,[MASKED],Consultando seu extrato dos últimos 30 dias.,extrato,0.75,positive,0.8329160480706692,2355,False,False
conv-20260619-000199,2026-06-19T21:13:31.309Z,1,[MASKED],Processando sua solicitação sobre fatura.,fatura,0.92,negative,0.26313867029485283,724,True,False
conv-20260619-000199,2026-06-19T21:13:40.309Z,2,[MASKED],Você possui R$ 41420.00 investidos.,investimentos,0.93,positive,0.7813741758804504,2674,True,False
conv-20260607-000200,2026-06-07T18:11:24.309Z,1,[MASKED],Processando sua solicitação sobre sinistro.,sinistro,0.82,positive,0.8790651625449207,2736,True,False
conv-20260607-000200,2026-06-07T18:11:33.309Z,2,[MASKED],Você possui R$ 18942.00 investidos.,investimentos,0.77,positive,0.8897967650662304,1865,True,False
conv-20260607-000200,2026-06-07T18:11:43.309Z,3,[MASKED],Consultando seu extrato dos últimos 30 dias.,extrato,0.78,neutral,0.43176138936110414,2421,True,True
conv-20260607-000200,2026-06-07T18:11:48.309Z,4,[MASKED],Processando sua solicitação sobre saque_exterior.,saque_exterior,0.8,neutral,0.5416322993139348,925,True,False
conv-20260607-000200,2026-06-07T18:12:01.309Z,5,[MASKED],Processando sua solicitação sobre pagamento_boleto.,pagamento_boleto,0.88,negative,0.15466288265092784,1477,True,False
conv-20260607-000200,2026-06-07T18:12:07.309Z,6,[MASKED],Consultando seu extrato dos últimos 30 dias.,extrato,0.8,positive,0.805556229193071,2260,False,False
conv-20260607-000200,2026-06-07T18:12:19.309Z,7,[MASKED],Processando sua solicitação sobre emprestimo_contratacao.,emprestimo_contratacao,0.96,positive,0.7249297614498502,2868,False,False
conv-20260607-000200,2026-06-07T18:12:31.309Z,8,[MASKED],Transferência PIX realizada com sucesso.,transferencia_pix,0.8,negative,0.1505872423817217,505,True,False
conv-20260607-000200,2026-06-07T18:12:44.309Z,9,[MASKED],Processando sua solicitação sobre saque_exterior.,saque_exterior,0.92,negative,0.14617113023719933,991,True,False
conv-20260607-000200,2026-06-07T18:12:58.309Z,10,[MASKED],Você possui R$ 37247.00 investidos.,investimentos,0.98,positive,0.8149149447721507,2116,True,False
